ISO-10303-21;
HEADER;
FILE_DESCRIPTION(('KiCad electronic assembly'),'2;1');
FILE_NAME('OdytsseySwitch.step','2026-08-27T09:57:48',('Pcbnew'),(
    'Kicad'),'Open CASCADE STEP processor 7.9','KiCad to STEP converter'
  ,'Unknown');
FILE_SCHEMA(('AUTOMOTIVE_DESIGN { 1 0 10303 214 1 1 1 1 }'));
ENDSEC;
DATA;
#1 = APPLICATION_PROTOCOL_DEFINITION('international standard',
  'automotive_design',2000,#2);
#2 = APPLICATION_CONTEXT(
  'core data for automotive mechanical design processes');
#3 = SHAPE_DEFINITION_REPRESENTATION(#4,#10);
#4 = PRODUCT_DEFINITION_SHAPE('','',#5);
#5 = PRODUCT_DEFINITION('design','',#6,#9);
#6 = PRODUCT_DEFINITION_FORMATION('','',#7);
#7 = PRODUCT('OdytsseySwitch 1','OdytsseySwitch 1','',(#8));
#8 = PRODUCT_CONTEXT('',#2,'mechanical');
#9 = PRODUCT_DEFINITION_CONTEXT('part definition',#2,'design');
#10 = SHAPE_REPRESENTATION('',(#11,#15),#19);
#11 = AXIS2_PLACEMENT_3D('',#12,#13,#14);
#12 = CARTESIAN_POINT('',(0.,0.,0.));
#13 = DIRECTION('',(0.,0.,1.));
#14 = DIRECTION('',(1.,0.,-0.));
#15 = AXIS2_PLACEMENT_3D('',#16,#17,#18);
#16 = CARTESIAN_POINT('',(0.,0.,0.));
#17 = DIRECTION('',(0.,0.,1.));
#18 = DIRECTION('',(1.,0.,-0.));
#19 = ( GEOMETRIC_REPRESENTATION_CONTEXT(3) 
GLOBAL_UNCERTAINTY_ASSIGNED_CONTEXT((#23)) GLOBAL_UNIT_ASSIGNED_CONTEXT(
(#20,#21,#22)) REPRESENTATION_CONTEXT('Context #1',
  '3D Context with UNIT and UNCERTAINTY') );
#20 = ( LENGTH_UNIT() NAMED_UNIT(*) SI_UNIT(.MILLI.,.METRE.) );
#21 = ( NAMED_UNIT(*) PLANE_ANGLE_UNIT() SI_UNIT($,.RADIAN.) );
#22 = ( NAMED_UNIT(*) SI_UNIT($,.STERADIAN.) SOLID_ANGLE_UNIT() );
#23 = UNCERTAINTY_MEASURE_WITH_UNIT(LENGTH_MEASURE(1.E-07),#20,
  'distance_accuracy_value','confusion accuracy');
#24 = PRODUCT_RELATED_PRODUCT_CATEGORY('part',$,(#7));
#25 = SHAPE_DEFINITION_REPRESENTATION(#26,#32);
#26 = PRODUCT_DEFINITION_SHAPE('','',#27);
#27 = PRODUCT_DEFINITION('design','',#28,#31);
#28 = PRODUCT_DEFINITION_FORMATION('','',#29);
#29 = PRODUCT('OdytsseySwitch_PCB','OdytsseySwitch_PCB','',(#30));
#30 = PRODUCT_CONTEXT('',#2,'mechanical');
#31 = PRODUCT_DEFINITION_CONTEXT('part definition',#2,'design');
#32 = ADVANCED_BREP_SHAPE_REPRESENTATION('',(#11,#33),#2404);
#33 = MANIFOLD_SOLID_BREP('',#34);
#34 = CLOSED_SHELL('',(#35,#77,#108,#139,#764,#1389,#1406,#1423,#1440,
    #1457,#1469,#1486,#1503,#1520,#1537,#1554,#1571,#1588,#1605,#1622,
    #1639,#1656,#1673,#1690,#1707,#1724,#1741,#1758,#1775,#1792,#1809,
    #1826,#1843,#1860,#1877,#1894,#1911,#1928,#1945,#1962,#1979,#2001,
    #2018,#2035,#2047,#2069,#2086,#2103,#2115,#2132,#2149,#2166,#2183,
    #2200,#2217,#2239,#2256,#2273,#2285,#2302,#2324,#2341,#2358,#2370,
    #2387));
#35 = ADVANCED_FACE('',(#36),#72,.T.);
#36 = FACE_BOUND('',#37,.T.);
#37 = EDGE_LOOP('',(#38,#48,#57,#65));
#38 = ORIENTED_EDGE('',*,*,#39,.T.);
#39 = EDGE_CURVE('',#40,#42,#44,.T.);
#40 = VERTEX_POINT('',#41);
#41 = CARTESIAN_POINT('',(201.5,-54.,0.));
#42 = VERTEX_POINT('',#43);
#43 = CARTESIAN_POINT('',(201.5,-54.,1.51));
#44 = LINE('',#45,#46);
#45 = CARTESIAN_POINT('',(201.5,-54.,0.));
#46 = VECTOR('',#47,1.);
#47 = DIRECTION('',(0.,0.,1.));
#48 = ORIENTED_EDGE('',*,*,#49,.T.);
#49 = EDGE_CURVE('',#42,#50,#52,.T.);
#50 = VERTEX_POINT('',#51);
#51 = CARTESIAN_POINT('',(204.5,-57.,1.51));
#52 = CIRCLE('',#53,2.999999465879);
#53 = AXIS2_PLACEMENT_3D('',#54,#55,#56);
#54 = CARTESIAN_POINT('',(201.50000053412,-56.99999946587,1.51));
#55 = DIRECTION('',(0.,0.,-1.));
#56 = DIRECTION('',(-1.780403176199E-07,1.,0.));
#57 = ORIENTED_EDGE('',*,*,#58,.F.);
#58 = EDGE_CURVE('',#59,#50,#61,.T.);
#59 = VERTEX_POINT('',#60);
#60 = CARTESIAN_POINT('',(204.5,-57.,0.));
#61 = LINE('',#62,#63);
#62 = CARTESIAN_POINT('',(204.5,-57.,0.));
#63 = VECTOR('',#64,1.);
#64 = DIRECTION('',(0.,0.,1.));
#65 = ORIENTED_EDGE('',*,*,#66,.F.);
#66 = EDGE_CURVE('',#40,#59,#67,.T.);
#67 = CIRCLE('',#68,2.999999465879);
#68 = AXIS2_PLACEMENT_3D('',#69,#70,#71);
#69 = CARTESIAN_POINT('',(201.50000053412,-56.99999946587,0.));
#70 = DIRECTION('',(0.,0.,-1.));
#71 = DIRECTION('',(-1.780403176199E-07,1.,0.));
#72 = CYLINDRICAL_SURFACE('',#73,2.999999465879);
#73 = AXIS2_PLACEMENT_3D('',#74,#75,#76);
#74 = CARTESIAN_POINT('',(201.50000053412,-56.99999946587,0.));
#75 = DIRECTION('',(0.,0.,-1.));
#76 = DIRECTION('',(-1.780403176199E-07,1.,0.));
#77 = ADVANCED_FACE('',(#78),#103,.T.);
#78 = FACE_BOUND('',#79,.T.);
#79 = EDGE_LOOP('',(#80,#90,#96,#97));
#80 = ORIENTED_EDGE('',*,*,#81,.T.);
#81 = EDGE_CURVE('',#82,#84,#86,.T.);
#82 = VERTEX_POINT('',#83);
#83 = CARTESIAN_POINT('',(95.5,-54.,0.));
#84 = VERTEX_POINT('',#85);
#85 = CARTESIAN_POINT('',(95.5,-54.,1.51));
#86 = LINE('',#87,#88);
#87 = CARTESIAN_POINT('',(95.5,-54.,0.));
#88 = VECTOR('',#89,1.);
#89 = DIRECTION('',(0.,0.,1.));
#90 = ORIENTED_EDGE('',*,*,#91,.T.);
#91 = EDGE_CURVE('',#84,#42,#92,.T.);
#92 = LINE('',#93,#94);
#93 = CARTESIAN_POINT('',(95.5,-54.,1.51));
#94 = VECTOR('',#95,1.);
#95 = DIRECTION('',(1.,0.,0.));
#96 = ORIENTED_EDGE('',*,*,#39,.F.);
#97 = ORIENTED_EDGE('',*,*,#98,.F.);
#98 = EDGE_CURVE('',#82,#40,#99,.T.);
#99 = LINE('',#100,#101);
#100 = CARTESIAN_POINT('',(95.5,-54.,0.));
#101 = VECTOR('',#102,1.);
#102 = DIRECTION('',(1.,0.,0.));
#103 = PLANE('',#104);
#104 = AXIS2_PLACEMENT_3D('',#105,#106,#107);
#105 = CARTESIAN_POINT('',(95.5,-54.,0.));
#106 = DIRECTION('',(0.,1.,0.));
#107 = DIRECTION('',(1.,0.,0.));
#108 = ADVANCED_FACE('',(#109),#134,.T.);
#109 = FACE_BOUND('',#110,.T.);
#110 = EDGE_LOOP('',(#111,#112,#120,#128));
#111 = ORIENTED_EDGE('',*,*,#58,.T.);
#112 = ORIENTED_EDGE('',*,*,#113,.T.);
#113 = EDGE_CURVE('',#50,#114,#116,.T.);
#114 = VERTEX_POINT('',#115);
#115 = CARTESIAN_POINT('',(204.5,-153.,1.51));
#116 = LINE('',#117,#118);
#117 = CARTESIAN_POINT('',(204.5,-57.,1.51));
#118 = VECTOR('',#119,1.);
#119 = DIRECTION('',(0.,-1.,0.));
#120 = ORIENTED_EDGE('',*,*,#121,.F.);
#121 = EDGE_CURVE('',#122,#114,#124,.T.);
#122 = VERTEX_POINT('',#123);
#123 = CARTESIAN_POINT('',(204.5,-153.,0.));
#124 = LINE('',#125,#126);
#125 = CARTESIAN_POINT('',(204.5,-153.,0.));
#126 = VECTOR('',#127,1.);
#127 = DIRECTION('',(0.,0.,1.));
#128 = ORIENTED_EDGE('',*,*,#129,.F.);
#129 = EDGE_CURVE('',#59,#122,#130,.T.);
#130 = LINE('',#131,#132);
#131 = CARTESIAN_POINT('',(204.5,-57.,0.));
#132 = VECTOR('',#133,1.);
#133 = DIRECTION('',(0.,-1.,0.));
#134 = PLANE('',#135);
#135 = AXIS2_PLACEMENT_3D('',#136,#137,#138);
#136 = CARTESIAN_POINT('',(204.5,-57.,0.));
#137 = DIRECTION('',(1.,0.,-0.));
#138 = DIRECTION('',(0.,-1.,0.));
#139 = ADVANCED_FACE('',(#140,#186,#197,#208,#219,#230,#241,#252,#263,
    #274,#285,#296,#307,#318,#329,#340,#351,#362,#373,#384,#395,#406,
    #417,#428,#439,#450,#461,#472,#483,#494,#505,#516,#552,#588,#599,
    #610,#621,#632,#643,#654,#690,#701,#737,#748),#759,.F.);
#140 = FACE_BOUND('',#141,.F.);
#141 = EDGE_LOOP('',(#142,#143,#144,#153,#161,#170,#178,#185));
#142 = ORIENTED_EDGE('',*,*,#66,.F.);
#143 = ORIENTED_EDGE('',*,*,#98,.F.);
#144 = ORIENTED_EDGE('',*,*,#145,.F.);
#145 = EDGE_CURVE('',#146,#82,#148,.T.);
#146 = VERTEX_POINT('',#147);
#147 = CARTESIAN_POINT('',(92.5,-57.,0.));
#148 = CIRCLE('',#149,2.999997758775);
#149 = AXIS2_PLACEMENT_3D('',#150,#151,#152);
#150 = CARTESIAN_POINT('',(95.499997758774,-56.99999775877,0.));
#151 = DIRECTION('',(0.,0.,-1.));
#152 = DIRECTION('',(-1.,-7.470757373224E-07,-0.));
#153 = ORIENTED_EDGE('',*,*,#154,.F.);
#154 = EDGE_CURVE('',#155,#146,#157,.T.);
#155 = VERTEX_POINT('',#156);
#156 = CARTESIAN_POINT('',(92.5,-153.,0.));
#157 = LINE('',#158,#159);
#158 = CARTESIAN_POINT('',(92.5,-153.,0.));
#159 = VECTOR('',#160,1.);
#160 = DIRECTION('',(0.,1.,0.));
#161 = ORIENTED_EDGE('',*,*,#162,.F.);
#162 = EDGE_CURVE('',#163,#155,#165,.T.);
#163 = VERTEX_POINT('',#164);
#164 = CARTESIAN_POINT('',(95.5,-156.,0.));
#165 = CIRCLE('',#166,2.999999465879);
#166 = AXIS2_PLACEMENT_3D('',#167,#168,#169);
#167 = CARTESIAN_POINT('',(95.499999465879,-153.0000005341,0.));
#168 = DIRECTION('',(0.,0.,-1.));
#169 = DIRECTION('',(1.780403176199E-07,-1.,0.));
#170 = ORIENTED_EDGE('',*,*,#171,.F.);
#171 = EDGE_CURVE('',#172,#163,#174,.T.);
#172 = VERTEX_POINT('',#173);
#173 = CARTESIAN_POINT('',(201.5,-156.,0.));
#174 = LINE('',#175,#176);
#175 = CARTESIAN_POINT('',(201.5,-156.,0.));
#176 = VECTOR('',#177,1.);
#177 = DIRECTION('',(-1.,0.,0.));
#178 = ORIENTED_EDGE('',*,*,#179,.F.);
#179 = EDGE_CURVE('',#122,#172,#180,.T.);
#180 = CIRCLE('',#181,3.000001172987);
#181 = AXIS2_PLACEMENT_3D('',#182,#183,#184);
#182 = CARTESIAN_POINT('',(201.49999882701,-152.999998827,0.));
#183 = DIRECTION('',(0.,0.,-1.));
#184 = DIRECTION('',(1.,-3.909953710804E-07,0.));
#185 = ORIENTED_EDGE('',*,*,#129,.F.);
#186 = FACE_BOUND('',#187,.F.);
#187 = EDGE_LOOP('',(#188));
#188 = ORIENTED_EDGE('',*,*,#189,.T.);
#189 = EDGE_CURVE('',#190,#190,#192,.T.);
#190 = VERTEX_POINT('',#191);
#191 = CARTESIAN_POINT('',(113.895,-130.875,0.));
#192 = CIRCLE('',#193,0.875);
#193 = AXIS2_PLACEMENT_3D('',#194,#195,#196);
#194 = CARTESIAN_POINT('',(113.895,-130.,0.));
#195 = DIRECTION('',(-0.,0.,-1.));
#196 = DIRECTION('',(-0.,-1.,0.));
#197 = FACE_BOUND('',#198,.F.);
#198 = EDGE_LOOP('',(#199));
#199 = ORIENTED_EDGE('',*,*,#200,.T.);
#200 = EDGE_CURVE('',#201,#201,#203,.T.);
#201 = VERTEX_POINT('',#202);
#202 = CARTESIAN_POINT('',(115.165,-128.985,0.));
#203 = CIRCLE('',#204,1.525);
#204 = AXIS2_PLACEMENT_3D('',#205,#206,#207);
#205 = CARTESIAN_POINT('',(115.165,-127.46,0.));
#206 = DIRECTION('',(-0.,0.,-1.));
#207 = DIRECTION('',(9.31859325587E-15,-1.,-0.));
#208 = FACE_BOUND('',#209,.F.);
#209 = EDGE_LOOP('',(#210));
#210 = ORIENTED_EDGE('',*,*,#211,.T.);
#211 = EDGE_CURVE('',#212,#212,#214,.T.);
#212 = VERTEX_POINT('',#213);
#213 = CARTESIAN_POINT('',(118.975,-132.,0.));
#214 = CIRCLE('',#215,2.);
#215 = AXIS2_PLACEMENT_3D('',#216,#217,#218);
#216 = CARTESIAN_POINT('',(118.975,-130.,0.));
#217 = DIRECTION('',(-0.,0.,-1.));
#218 = DIRECTION('',(-0.,-1.,0.));
#219 = FACE_BOUND('',#220,.F.);
#220 = EDGE_LOOP('',(#221));
#221 = ORIENTED_EDGE('',*,*,#222,.T.);
#222 = EDGE_CURVE('',#223,#223,#225,.T.);
#223 = VERTEX_POINT('',#224);
#224 = CARTESIAN_POINT('',(121.515,-126.445,0.));
#225 = CIRCLE('',#226,1.525);
#226 = AXIS2_PLACEMENT_3D('',#227,#228,#229);
#227 = CARTESIAN_POINT('',(121.515,-124.92,0.));
#228 = DIRECTION('',(-0.,0.,-1.));
#229 = DIRECTION('',(-0.,-1.,0.));
#230 = FACE_BOUND('',#231,.F.);
#231 = EDGE_LOOP('',(#232));
#232 = ORIENTED_EDGE('',*,*,#233,.T.);
#233 = EDGE_CURVE('',#234,#234,#236,.T.);
#234 = VERTEX_POINT('',#235);
#235 = CARTESIAN_POINT('',(124.055,-130.875,0.));
#236 = CIRCLE('',#237,0.875);
#237 = AXIS2_PLACEMENT_3D('',#238,#239,#240);
#238 = CARTESIAN_POINT('',(124.055,-130.,0.));
#239 = DIRECTION('',(-0.,0.,-1.));
#240 = DIRECTION('',(-0.,-1.,0.));
#241 = FACE_BOUND('',#242,.F.);
#242 = EDGE_LOOP('',(#243));
#243 = ORIENTED_EDGE('',*,*,#244,.T.);
#244 = EDGE_CURVE('',#245,#245,#247,.T.);
#245 = VERTEX_POINT('',#246);
#246 = CARTESIAN_POINT('',(106.309999,-102.300001,0.));
#247 = CIRCLE('',#248,1.E-01);
#248 = AXIS2_PLACEMENT_3D('',#249,#250,#251);
#249 = CARTESIAN_POINT('',(106.309999,-102.200001,0.));
#250 = DIRECTION('',(-0.,0.,-1.));
#251 = DIRECTION('',(-0.,-1.,0.));
#252 = FACE_BOUND('',#253,.F.);
#253 = EDGE_LOOP('',(#254));
#254 = ORIENTED_EDGE('',*,*,#255,.T.);
#255 = EDGE_CURVE('',#256,#256,#258,.T.);
#256 = VERTEX_POINT('',#257);
#257 = CARTESIAN_POINT('',(106.309998,-100.9,0.));
#258 = CIRCLE('',#259,1.E-01);
#259 = AXIS2_PLACEMENT_3D('',#260,#261,#262);
#260 = CARTESIAN_POINT('',(106.309998,-100.8,0.));
#261 = DIRECTION('',(-0.,0.,-1.));
#262 = DIRECTION('',(-1.42108547152E-13,-1.,0.));
#263 = FACE_BOUND('',#264,.F.);
#264 = EDGE_LOOP('',(#265));
#265 = ORIENTED_EDGE('',*,*,#266,.T.);
#266 = EDGE_CURVE('',#267,#267,#269,.T.);
#267 = VERTEX_POINT('',#268);
#268 = CARTESIAN_POINT('',(107.01,-103.000001,0.));
#269 = CIRCLE('',#270,0.1);
#270 = AXIS2_PLACEMENT_3D('',#271,#272,#273);
#271 = CARTESIAN_POINT('',(107.01,-102.900001,0.));
#272 = DIRECTION('',(-0.,0.,-1.));
#273 = DIRECTION('',(1.42108547152E-13,-1.,-0.));
#274 = FACE_BOUND('',#275,.F.);
#275 = EDGE_LOOP('',(#276));
#276 = ORIENTED_EDGE('',*,*,#277,.T.);
#277 = EDGE_CURVE('',#278,#278,#280,.T.);
#278 = VERTEX_POINT('',#279);
#279 = CARTESIAN_POINT('',(107.71,-102.300001,0.));
#280 = CIRCLE('',#281,9.999999999999E-02);
#281 = AXIS2_PLACEMENT_3D('',#282,#283,#284);
#282 = CARTESIAN_POINT('',(107.71,-102.200001,0.));
#283 = DIRECTION('',(-0.,0.,-1.));
#284 = DIRECTION('',(-1.42108547152E-13,-1.,0.));
#285 = FACE_BOUND('',#286,.F.);
#286 = EDGE_LOOP('',(#287));
#287 = ORIENTED_EDGE('',*,*,#288,.T.);
#288 = EDGE_CURVE('',#289,#289,#291,.T.);
#289 = VERTEX_POINT('',#290);
#290 = CARTESIAN_POINT('',(108.41,-103.000001,0.));
#291 = CIRCLE('',#292,0.1);
#292 = AXIS2_PLACEMENT_3D('',#293,#294,#295);
#293 = CARTESIAN_POINT('',(108.41,-102.900001,0.));
#294 = DIRECTION('',(-0.,0.,-1.));
#295 = DIRECTION('',(-0.,-1.,0.));
#296 = FACE_BOUND('',#297,.F.);
#297 = EDGE_LOOP('',(#298));
#298 = ORIENTED_EDGE('',*,*,#299,.T.);
#299 = EDGE_CURVE('',#300,#300,#302,.T.);
#300 = VERTEX_POINT('',#301);
#301 = CARTESIAN_POINT('',(109.11,-102.300001,0.));
#302 = CIRCLE('',#303,9.999999999999E-02);
#303 = AXIS2_PLACEMENT_3D('',#304,#305,#306);
#304 = CARTESIAN_POINT('',(109.11,-102.200001,0.));
#305 = DIRECTION('',(-0.,0.,-1.));
#306 = DIRECTION('',(-0.,-1.,0.));
#307 = FACE_BOUND('',#308,.F.);
#308 = EDGE_LOOP('',(#309));
#309 = ORIENTED_EDGE('',*,*,#310,.T.);
#310 = EDGE_CURVE('',#311,#311,#313,.T.);
#311 = VERTEX_POINT('',#312);
#312 = CARTESIAN_POINT('',(107.009998,-101.600001,0.));
#313 = CIRCLE('',#314,0.1);
#314 = AXIS2_PLACEMENT_3D('',#315,#316,#317);
#315 = CARTESIAN_POINT('',(107.009998,-101.500001,0.));
#316 = DIRECTION('',(-0.,0.,-1.));
#317 = DIRECTION('',(-0.,-1.,0.));
#318 = FACE_BOUND('',#319,.F.);
#319 = EDGE_LOOP('',(#320));
#320 = ORIENTED_EDGE('',*,*,#321,.T.);
#321 = EDGE_CURVE('',#322,#322,#324,.T.);
#322 = VERTEX_POINT('',#323);
#323 = CARTESIAN_POINT('',(107.709998,-100.900001,0.));
#324 = CIRCLE('',#325,9.999999999999E-02);
#325 = AXIS2_PLACEMENT_3D('',#326,#327,#328);
#326 = CARTESIAN_POINT('',(107.709998,-100.800001,0.));
#327 = DIRECTION('',(-0.,0.,-1.));
#328 = DIRECTION('',(-0.,-1.,0.));
#329 = FACE_BOUND('',#330,.F.);
#330 = EDGE_LOOP('',(#331));
#331 = ORIENTED_EDGE('',*,*,#332,.T.);
#332 = EDGE_CURVE('',#333,#333,#335,.T.);
#333 = VERTEX_POINT('',#334);
#334 = CARTESIAN_POINT('',(107.009998,-100.2,0.));
#335 = CIRCLE('',#336,0.1);
#336 = AXIS2_PLACEMENT_3D('',#337,#338,#339);
#337 = CARTESIAN_POINT('',(107.009998,-100.1,0.));
#338 = DIRECTION('',(-0.,0.,-1.));
#339 = DIRECTION('',(-0.,-1.,0.));
#340 = FACE_BOUND('',#341,.F.);
#341 = EDGE_LOOP('',(#342));
#342 = ORIENTED_EDGE('',*,*,#343,.T.);
#343 = EDGE_CURVE('',#344,#344,#346,.T.);
#344 = VERTEX_POINT('',#345);
#345 = CARTESIAN_POINT('',(108.409999,-101.600001,0.));
#346 = CIRCLE('',#347,9.999999999999E-02);
#347 = AXIS2_PLACEMENT_3D('',#348,#349,#350);
#348 = CARTESIAN_POINT('',(108.409999,-101.500001,0.));
#349 = DIRECTION('',(-0.,0.,-1.));
#350 = DIRECTION('',(-0.,-1.,0.));
#351 = FACE_BOUND('',#352,.F.);
#352 = EDGE_LOOP('',(#353));
#353 = ORIENTED_EDGE('',*,*,#354,.T.);
#354 = EDGE_CURVE('',#355,#355,#357,.T.);
#355 = VERTEX_POINT('',#356);
#356 = CARTESIAN_POINT('',(109.109998,-100.900001,0.));
#357 = CIRCLE('',#358,0.1);
#358 = AXIS2_PLACEMENT_3D('',#359,#360,#361);
#359 = CARTESIAN_POINT('',(109.109998,-100.800001,0.));
#360 = DIRECTION('',(-0.,0.,-1.));
#361 = DIRECTION('',(1.42108547152E-13,-1.,-0.));
#362 = FACE_BOUND('',#363,.F.);
#363 = EDGE_LOOP('',(#364));
#364 = ORIENTED_EDGE('',*,*,#365,.T.);
#365 = EDGE_CURVE('',#366,#366,#368,.T.);
#366 = VERTEX_POINT('',#367);
#367 = CARTESIAN_POINT('',(108.409998,-100.200001,0.));
#368 = CIRCLE('',#369,1.E-01);
#369 = AXIS2_PLACEMENT_3D('',#370,#371,#372);
#370 = CARTESIAN_POINT('',(108.409998,-100.100001,0.));
#371 = DIRECTION('',(-0.,0.,-1.));
#372 = DIRECTION('',(-0.,-1.,0.));
#373 = FACE_BOUND('',#374,.F.);
#374 = EDGE_LOOP('',(#375));
#375 = ORIENTED_EDGE('',*,*,#376,.T.);
#376 = EDGE_CURVE('',#377,#377,#379,.T.);
#377 = VERTEX_POINT('',#378);
#378 = CARTESIAN_POINT('',(132.945,-130.875,0.));
#379 = CIRCLE('',#380,0.875);
#380 = AXIS2_PLACEMENT_3D('',#381,#382,#383);
#381 = CARTESIAN_POINT('',(132.945,-130.,0.));
#382 = DIRECTION('',(-0.,0.,-1.));
#383 = DIRECTION('',(-0.,-1.,0.));
#384 = FACE_BOUND('',#385,.F.);
#385 = EDGE_LOOP('',(#386));
#386 = ORIENTED_EDGE('',*,*,#387,.T.);
#387 = EDGE_CURVE('',#388,#388,#390,.T.);
#388 = VERTEX_POINT('',#389);
#389 = CARTESIAN_POINT('',(134.215,-128.985,0.));
#390 = CIRCLE('',#391,1.525);
#391 = AXIS2_PLACEMENT_3D('',#392,#393,#394);
#392 = CARTESIAN_POINT('',(134.215,-127.46,0.));
#393 = DIRECTION('',(-0.,0.,-1.));
#394 = DIRECTION('',(-0.,-1.,0.));
#395 = FACE_BOUND('',#396,.F.);
#396 = EDGE_LOOP('',(#397));
#397 = ORIENTED_EDGE('',*,*,#398,.T.);
#398 = EDGE_CURVE('',#399,#399,#401,.T.);
#399 = VERTEX_POINT('',#400);
#400 = CARTESIAN_POINT('',(138.025,-132.,0.));
#401 = CIRCLE('',#402,2.);
#402 = AXIS2_PLACEMENT_3D('',#403,#404,#405);
#403 = CARTESIAN_POINT('',(138.025,-130.,0.));
#404 = DIRECTION('',(-0.,0.,-1.));
#405 = DIRECTION('',(-0.,-1.,0.));
#406 = FACE_BOUND('',#407,.F.);
#407 = EDGE_LOOP('',(#408));
#408 = ORIENTED_EDGE('',*,*,#409,.T.);
#409 = EDGE_CURVE('',#410,#410,#412,.T.);
#410 = VERTEX_POINT('',#411);
#411 = CARTESIAN_POINT('',(140.565,-126.445,0.));
#412 = CIRCLE('',#413,1.525);
#413 = AXIS2_PLACEMENT_3D('',#414,#415,#416);
#414 = CARTESIAN_POINT('',(140.565,-124.92,0.));
#415 = DIRECTION('',(-0.,0.,-1.));
#416 = DIRECTION('',(-0.,-1.,0.));
#417 = FACE_BOUND('',#418,.F.);
#418 = EDGE_LOOP('',(#419));
#419 = ORIENTED_EDGE('',*,*,#420,.T.);
#420 = EDGE_CURVE('',#421,#421,#423,.T.);
#421 = VERTEX_POINT('',#422);
#422 = CARTESIAN_POINT('',(143.105,-130.875,0.));
#423 = CIRCLE('',#424,0.875);
#424 = AXIS2_PLACEMENT_3D('',#425,#426,#427);
#425 = CARTESIAN_POINT('',(143.105,-130.,0.));
#426 = DIRECTION('',(-0.,0.,-1.));
#427 = DIRECTION('',(-0.,-1.,0.));
#428 = FACE_BOUND('',#429,.F.);
#429 = EDGE_LOOP('',(#430));
#430 = ORIENTED_EDGE('',*,*,#431,.T.);
#431 = EDGE_CURVE('',#432,#432,#434,.T.);
#432 = VERTEX_POINT('',#433);
#433 = CARTESIAN_POINT('',(104.37,-78.375,0.));
#434 = CIRCLE('',#435,0.875);
#435 = AXIS2_PLACEMENT_3D('',#436,#437,#438);
#436 = CARTESIAN_POINT('',(104.37,-77.5,0.));
#437 = DIRECTION('',(-0.,0.,-1.));
#438 = DIRECTION('',(-0.,-1.,0.));
#439 = FACE_BOUND('',#440,.F.);
#440 = EDGE_LOOP('',(#441));
#441 = ORIENTED_EDGE('',*,*,#442,.T.);
#442 = EDGE_CURVE('',#443,#443,#445,.T.);
#443 = VERTEX_POINT('',#444);
#444 = CARTESIAN_POINT('',(109.45,-79.5,0.));
#445 = CIRCLE('',#446,2.);
#446 = AXIS2_PLACEMENT_3D('',#447,#448,#449);
#447 = CARTESIAN_POINT('',(109.45,-77.5,0.));
#448 = DIRECTION('',(-0.,0.,-1.));
#449 = DIRECTION('',(-0.,-1.,0.));
#450 = FACE_BOUND('',#451,.F.);
#451 = EDGE_LOOP('',(#452));
#452 = ORIENTED_EDGE('',*,*,#453,.T.);
#453 = EDGE_CURVE('',#454,#454,#456,.T.);
#454 = VERTEX_POINT('',#455);
#455 = CARTESIAN_POINT('',(114.53,-78.375,0.));
#456 = CIRCLE('',#457,0.875);
#457 = AXIS2_PLACEMENT_3D('',#458,#459,#460);
#458 = CARTESIAN_POINT('',(114.53,-77.5,0.));
#459 = DIRECTION('',(-0.,0.,-1.));
#460 = DIRECTION('',(-0.,-1.,0.));
#461 = FACE_BOUND('',#462,.F.);
#462 = EDGE_LOOP('',(#463));
#463 = ORIENTED_EDGE('',*,*,#464,.T.);
#464 = EDGE_CURVE('',#465,#465,#467,.T.);
#465 = VERTEX_POINT('',#466);
#466 = CARTESIAN_POINT('',(123.42,-78.375,0.));
#467 = CIRCLE('',#468,0.875);
#468 = AXIS2_PLACEMENT_3D('',#469,#470,#471);
#469 = CARTESIAN_POINT('',(123.42,-77.5,0.));
#470 = DIRECTION('',(-0.,0.,-1.));
#471 = DIRECTION('',(-0.,-1.,0.));
#472 = FACE_BOUND('',#473,.F.);
#473 = EDGE_LOOP('',(#474));
#474 = ORIENTED_EDGE('',*,*,#475,.T.);
#475 = EDGE_CURVE('',#476,#476,#478,.T.);
#476 = VERTEX_POINT('',#477);
#477 = CARTESIAN_POINT('',(128.5,-79.5,0.));
#478 = CIRCLE('',#479,2.);
#479 = AXIS2_PLACEMENT_3D('',#480,#481,#482);
#480 = CARTESIAN_POINT('',(128.5,-77.5,0.));
#481 = DIRECTION('',(-0.,0.,-1.));
#482 = DIRECTION('',(-0.,-1.,0.));
#483 = FACE_BOUND('',#484,.F.);
#484 = EDGE_LOOP('',(#485));
#485 = ORIENTED_EDGE('',*,*,#486,.T.);
#486 = EDGE_CURVE('',#487,#487,#489,.T.);
#487 = VERTEX_POINT('',#488);
#488 = CARTESIAN_POINT('',(105.64,-76.485,0.));
#489 = CIRCLE('',#490,1.525);
#490 = AXIS2_PLACEMENT_3D('',#491,#492,#493);
#491 = CARTESIAN_POINT('',(105.64,-74.96,0.));
#492 = DIRECTION('',(-0.,0.,-1.));
#493 = DIRECTION('',(-0.,-1.,0.));
#494 = FACE_BOUND('',#495,.F.);
#495 = EDGE_LOOP('',(#496));
#496 = ORIENTED_EDGE('',*,*,#497,.T.);
#497 = EDGE_CURVE('',#498,#498,#500,.T.);
#498 = VERTEX_POINT('',#499);
#499 = CARTESIAN_POINT('',(111.99,-73.945,0.));
#500 = CIRCLE('',#501,1.525);
#501 = AXIS2_PLACEMENT_3D('',#502,#503,#504);
#502 = CARTESIAN_POINT('',(111.99,-72.42,0.));
#503 = DIRECTION('',(-0.,0.,-1.));
#504 = DIRECTION('',(-9.31859325587E-15,-1.,0.));
#505 = FACE_BOUND('',#506,.F.);
#506 = EDGE_LOOP('',(#507));
#507 = ORIENTED_EDGE('',*,*,#508,.T.);
#508 = EDGE_CURVE('',#509,#509,#511,.T.);
#509 = VERTEX_POINT('',#510);
#510 = CARTESIAN_POINT('',(124.69,-76.485,0.));
#511 = CIRCLE('',#512,1.525);
#512 = AXIS2_PLACEMENT_3D('',#513,#514,#515);
#513 = CARTESIAN_POINT('',(124.69,-74.96,0.));
#514 = DIRECTION('',(-0.,0.,-1.));
#515 = DIRECTION('',(-0.,-1.,0.));
#516 = FACE_BOUND('',#517,.F.);
#517 = EDGE_LOOP('',(#518,#529,#537,#546));
#518 = ORIENTED_EDGE('',*,*,#519,.T.);
#519 = EDGE_CURVE('',#520,#522,#524,.T.);
#520 = VERTEX_POINT('',#521);
#521 = CARTESIAN_POINT('',(124.48,-62.979999,0.));
#522 = VERTEX_POINT('',#523);
#523 = CARTESIAN_POINT('',(123.88,-62.979999,0.));
#524 = CIRCLE('',#525,0.3);
#525 = AXIS2_PLACEMENT_3D('',#526,#527,#528);
#526 = CARTESIAN_POINT('',(124.18,-62.979999,0.));
#527 = DIRECTION('',(-0.,0.,-1.));
#528 = DIRECTION('',(-1.,-4.736951571734E-14,0.));
#529 = ORIENTED_EDGE('',*,*,#530,.T.);
#530 = EDGE_CURVE('',#522,#531,#533,.T.);
#531 = VERTEX_POINT('',#532);
#532 = CARTESIAN_POINT('',(123.88,-61.879999,0.));
#533 = LINE('',#534,#535);
#534 = CARTESIAN_POINT('',(123.88,-30.9399995,0.));
#535 = VECTOR('',#536,1.);
#536 = DIRECTION('',(-0.,1.,0.));
#537 = ORIENTED_EDGE('',*,*,#538,.T.);
#538 = EDGE_CURVE('',#531,#539,#541,.T.);
#539 = VERTEX_POINT('',#540);
#540 = CARTESIAN_POINT('',(124.48,-61.879999,0.));
#541 = CIRCLE('',#542,0.3);
#542 = AXIS2_PLACEMENT_3D('',#543,#544,#545);
#543 = CARTESIAN_POINT('',(124.18,-61.879999,0.));
#544 = DIRECTION('',(0.,-0.,-1.));
#545 = DIRECTION('',(1.,4.736951571734E-14,-0.));
#546 = ORIENTED_EDGE('',*,*,#547,.T.);
#547 = EDGE_CURVE('',#539,#520,#548,.T.);
#548 = LINE('',#549,#550);
#549 = CARTESIAN_POINT('',(124.48,-31.4899995,0.));
#550 = VECTOR('',#551,1.);
#551 = DIRECTION('',(0.,-1.,0.));
#552 = FACE_BOUND('',#553,.F.);
#553 = EDGE_LOOP('',(#554,#565,#573,#582));
#554 = ORIENTED_EDGE('',*,*,#555,.T.);
#555 = EDGE_CURVE('',#556,#558,#560,.T.);
#556 = VERTEX_POINT('',#557);
#557 = CARTESIAN_POINT('',(124.48,-58.55,0.));
#558 = VERTEX_POINT('',#559);
#559 = CARTESIAN_POINT('',(123.88,-58.55,0.));
#560 = CIRCLE('',#561,0.3);
#561 = AXIS2_PLACEMENT_3D('',#562,#563,#564);
#562 = CARTESIAN_POINT('',(124.18,-58.55,0.));
#563 = DIRECTION('',(-0.,0.,-1.));
#564 = DIRECTION('',(-1.,0.,0.));
#565 = ORIENTED_EDGE('',*,*,#566,.T.);
#566 = EDGE_CURVE('',#558,#567,#569,.T.);
#567 = VERTEX_POINT('',#568);
#568 = CARTESIAN_POINT('',(123.88,-57.95,0.));
#569 = LINE('',#570,#571);
#570 = CARTESIAN_POINT('',(123.88,-28.975,0.));
#571 = VECTOR('',#572,1.);
#572 = DIRECTION('',(-0.,1.,0.));
#573 = ORIENTED_EDGE('',*,*,#574,.T.);
#574 = EDGE_CURVE('',#567,#575,#577,.T.);
#575 = VERTEX_POINT('',#576);
#576 = CARTESIAN_POINT('',(124.48,-57.95,0.));
#577 = CIRCLE('',#578,0.3);
#578 = AXIS2_PLACEMENT_3D('',#579,#580,#581);
#579 = CARTESIAN_POINT('',(124.18,-57.95,0.));
#580 = DIRECTION('',(0.,-0.,-1.));
#581 = DIRECTION('',(1.,0.,-0.));
#582 = ORIENTED_EDGE('',*,*,#583,.T.);
#583 = EDGE_CURVE('',#575,#556,#584,.T.);
#584 = LINE('',#585,#586);
#585 = CARTESIAN_POINT('',(124.48,-29.275,0.));
#586 = VECTOR('',#587,1.);
#587 = DIRECTION('',(0.,-1.,0.));
#588 = FACE_BOUND('',#589,.F.);
#589 = EDGE_LOOP('',(#590));
#590 = ORIENTED_EDGE('',*,*,#591,.T.);
#591 = EDGE_CURVE('',#592,#592,#594,.T.);
#592 = VERTEX_POINT('',#593);
#593 = CARTESIAN_POINT('',(125.61,-62.224999,0.));
#594 = CIRCLE('',#595,0.325);
#595 = AXIS2_PLACEMENT_3D('',#596,#597,#598);
#596 = CARTESIAN_POINT('',(125.61,-61.899999,0.));
#597 = DIRECTION('',(-0.,0.,-1.));
#598 = DIRECTION('',(-0.,-1.,0.));
#599 = FACE_BOUND('',#600,.F.);
#600 = EDGE_LOOP('',(#601));
#601 = ORIENTED_EDGE('',*,*,#602,.T.);
#602 = EDGE_CURVE('',#603,#603,#605,.T.);
#603 = VERTEX_POINT('',#604);
#604 = CARTESIAN_POINT('',(133.58,-78.375,0.));
#605 = CIRCLE('',#606,0.875);
#606 = AXIS2_PLACEMENT_3D('',#607,#608,#609);
#607 = CARTESIAN_POINT('',(133.58,-77.5,0.));
#608 = DIRECTION('',(-0.,0.,-1.));
#609 = DIRECTION('',(-0.,-1.,0.));
#610 = FACE_BOUND('',#611,.F.);
#611 = EDGE_LOOP('',(#612));
#612 = ORIENTED_EDGE('',*,*,#613,.T.);
#613 = EDGE_CURVE('',#614,#614,#616,.T.);
#614 = VERTEX_POINT('',#615);
#615 = CARTESIAN_POINT('',(142.47,-78.375,0.));
#616 = CIRCLE('',#617,0.875);
#617 = AXIS2_PLACEMENT_3D('',#618,#619,#620);
#618 = CARTESIAN_POINT('',(142.47,-77.5,0.));
#619 = DIRECTION('',(-0.,0.,-1.));
#620 = DIRECTION('',(-0.,-1.,0.));
#621 = FACE_BOUND('',#622,.F.);
#622 = EDGE_LOOP('',(#623));
#623 = ORIENTED_EDGE('',*,*,#624,.T.);
#624 = EDGE_CURVE('',#625,#625,#627,.T.);
#625 = VERTEX_POINT('',#626);
#626 = CARTESIAN_POINT('',(147.55,-79.5,0.));
#627 = CIRCLE('',#628,2.);
#628 = AXIS2_PLACEMENT_3D('',#629,#630,#631);
#629 = CARTESIAN_POINT('',(147.55,-77.5,0.));
#630 = DIRECTION('',(-0.,0.,-1.));
#631 = DIRECTION('',(-0.,-1.,0.));
#632 = FACE_BOUND('',#633,.F.);
#633 = EDGE_LOOP('',(#634));
#634 = ORIENTED_EDGE('',*,*,#635,.T.);
#635 = EDGE_CURVE('',#636,#636,#638,.T.);
#636 = VERTEX_POINT('',#637);
#637 = CARTESIAN_POINT('',(152.63,-78.375,0.));
#638 = CIRCLE('',#639,0.875);
#639 = AXIS2_PLACEMENT_3D('',#640,#641,#642);
#640 = CARTESIAN_POINT('',(152.63,-77.5,0.));
#641 = DIRECTION('',(-0.,0.,-1.));
#642 = DIRECTION('',(-0.,-1.,0.));
#643 = FACE_BOUND('',#644,.F.);
#644 = EDGE_LOOP('',(#645));
#645 = ORIENTED_EDGE('',*,*,#646,.T.);
#646 = EDGE_CURVE('',#647,#647,#649,.T.);
#647 = VERTEX_POINT('',#648);
#648 = CARTESIAN_POINT('',(131.04,-73.945,0.));
#649 = CIRCLE('',#650,1.525);
#650 = AXIS2_PLACEMENT_3D('',#651,#652,#653);
#651 = CARTESIAN_POINT('',(131.04,-72.42,0.));
#652 = DIRECTION('',(-0.,0.,-1.));
#653 = DIRECTION('',(-0.,-1.,0.));
#654 = FACE_BOUND('',#655,.F.);
#655 = EDGE_LOOP('',(#656,#667,#675,#684));
#656 = ORIENTED_EDGE('',*,*,#657,.T.);
#657 = EDGE_CURVE('',#658,#660,#662,.T.);
#658 = VERTEX_POINT('',#659);
#659 = CARTESIAN_POINT('',(133.12,-62.98,0.));
#660 = VERTEX_POINT('',#661);
#661 = CARTESIAN_POINT('',(132.52,-62.98,0.));
#662 = CIRCLE('',#663,0.3);
#663 = AXIS2_PLACEMENT_3D('',#664,#665,#666);
#664 = CARTESIAN_POINT('',(132.82,-62.98,0.));
#665 = DIRECTION('',(-0.,0.,-1.));
#666 = DIRECTION('',(-1.,4.736951571734E-14,0.));
#667 = ORIENTED_EDGE('',*,*,#668,.T.);
#668 = EDGE_CURVE('',#660,#669,#671,.T.);
#669 = VERTEX_POINT('',#670);
#670 = CARTESIAN_POINT('',(132.52,-61.88,0.));
#671 = LINE('',#672,#673);
#672 = CARTESIAN_POINT('',(132.52,-30.94,0.));
#673 = VECTOR('',#674,1.);
#674 = DIRECTION('',(-0.,1.,0.));
#675 = ORIENTED_EDGE('',*,*,#676,.T.);
#676 = EDGE_CURVE('',#669,#677,#679,.T.);
#677 = VERTEX_POINT('',#678);
#678 = CARTESIAN_POINT('',(133.12,-61.88,0.));
#679 = CIRCLE('',#680,0.3);
#680 = AXIS2_PLACEMENT_3D('',#681,#682,#683);
#681 = CARTESIAN_POINT('',(132.82,-61.88,0.));
#682 = DIRECTION('',(0.,-0.,-1.));
#683 = DIRECTION('',(1.,-4.736951571734E-14,0.));
#684 = ORIENTED_EDGE('',*,*,#685,.T.);
#685 = EDGE_CURVE('',#677,#658,#686,.T.);
#686 = LINE('',#687,#688);
#687 = CARTESIAN_POINT('',(133.12,-31.49,0.));
#688 = VECTOR('',#689,1.);
#689 = DIRECTION('',(0.,-1.,0.));
#690 = FACE_BOUND('',#691,.F.);
#691 = EDGE_LOOP('',(#692));
#692 = ORIENTED_EDGE('',*,*,#693,.T.);
#693 = EDGE_CURVE('',#694,#694,#696,.T.);
#694 = VERTEX_POINT('',#695);
#695 = CARTESIAN_POINT('',(131.389999,-62.225,0.));
#696 = CIRCLE('',#697,0.325);
#697 = AXIS2_PLACEMENT_3D('',#698,#699,#700);
#698 = CARTESIAN_POINT('',(131.389999,-61.9,0.));
#699 = DIRECTION('',(-0.,0.,-1.));
#700 = DIRECTION('',(-0.,-1.,0.));
#701 = FACE_BOUND('',#702,.F.);
#702 = EDGE_LOOP('',(#703,#714,#722,#731));
#703 = ORIENTED_EDGE('',*,*,#704,.T.);
#704 = EDGE_CURVE('',#705,#707,#709,.T.);
#705 = VERTEX_POINT('',#706);
#706 = CARTESIAN_POINT('',(133.12,-58.550001,0.));
#707 = VERTEX_POINT('',#708);
#708 = CARTESIAN_POINT('',(132.52,-58.550001,0.));
#709 = CIRCLE('',#710,0.3);
#710 = AXIS2_PLACEMENT_3D('',#711,#712,#713);
#711 = CARTESIAN_POINT('',(132.82,-58.550001,0.));
#712 = DIRECTION('',(-0.,0.,-1.));
#713 = DIRECTION('',(-1.,2.368475785867E-14,0.));
#714 = ORIENTED_EDGE('',*,*,#715,.T.);
#715 = EDGE_CURVE('',#707,#716,#718,.T.);
#716 = VERTEX_POINT('',#717);
#717 = CARTESIAN_POINT('',(132.52,-57.950001,0.));
#718 = LINE('',#719,#720);
#719 = CARTESIAN_POINT('',(132.52,-28.9750005,0.));
#720 = VECTOR('',#721,1.);
#721 = DIRECTION('',(-0.,1.,0.));
#722 = ORIENTED_EDGE('',*,*,#723,.T.);
#723 = EDGE_CURVE('',#716,#724,#726,.T.);
#724 = VERTEX_POINT('',#725);
#725 = CARTESIAN_POINT('',(133.12,-57.950001,0.));
#726 = CIRCLE('',#727,0.3);
#727 = AXIS2_PLACEMENT_3D('',#728,#729,#730);
#728 = CARTESIAN_POINT('',(132.82,-57.950001,0.));
#729 = DIRECTION('',(0.,-0.,-1.));
#730 = DIRECTION('',(1.,-2.368475785867E-14,0.));
#731 = ORIENTED_EDGE('',*,*,#732,.T.);
#732 = EDGE_CURVE('',#724,#705,#733,.T.);
#733 = LINE('',#734,#735);
#734 = CARTESIAN_POINT('',(133.12,-29.2750005,0.));
#735 = VECTOR('',#736,1.);
#736 = DIRECTION('',(0.,-1.,0.));
#737 = FACE_BOUND('',#738,.F.);
#738 = EDGE_LOOP('',(#739));
#739 = ORIENTED_EDGE('',*,*,#740,.T.);
#740 = EDGE_CURVE('',#741,#741,#743,.T.);
#741 = VERTEX_POINT('',#742);
#742 = CARTESIAN_POINT('',(143.74,-76.485,0.));
#743 = CIRCLE('',#744,1.525);
#744 = AXIS2_PLACEMENT_3D('',#745,#746,#747);
#745 = CARTESIAN_POINT('',(143.74,-74.96,0.));
#746 = DIRECTION('',(-0.,0.,-1.));
#747 = DIRECTION('',(-0.,-1.,0.));
#748 = FACE_BOUND('',#749,.F.);
#749 = EDGE_LOOP('',(#750));
#750 = ORIENTED_EDGE('',*,*,#751,.T.);
#751 = EDGE_CURVE('',#752,#752,#754,.T.);
#752 = VERTEX_POINT('',#753);
#753 = CARTESIAN_POINT('',(150.09,-73.945,0.));
#754 = CIRCLE('',#755,1.525);
#755 = AXIS2_PLACEMENT_3D('',#756,#757,#758);
#756 = CARTESIAN_POINT('',(150.09,-72.42,0.));
#757 = DIRECTION('',(-0.,0.,-1.));
#758 = DIRECTION('',(-0.,-1.,0.));
#759 = PLANE('',#760);
#760 = AXIS2_PLACEMENT_3D('',#761,#762,#763);
#761 = CARTESIAN_POINT('',(0.,0.,0.));
#762 = DIRECTION('',(0.,0.,1.));
#763 = DIRECTION('',(1.,0.,-0.));
#764 = ADVANCED_FACE('',(#765,#811,#822,#833,#844,#855,#866,#877,#888,
    #899,#910,#921,#932,#943,#954,#965,#976,#987,#998,#1009,#1020,#1031,
    #1042,#1053,#1064,#1075,#1086,#1097,#1108,#1119,#1130,#1141,#1177,
    #1213,#1224,#1235,#1246,#1257,#1268,#1279,#1315,#1326,#1362,#1373),
  #1384,.T.);
#765 = FACE_BOUND('',#766,.T.);
#766 = EDGE_LOOP('',(#767,#768,#769,#778,#786,#795,#803,#810));
#767 = ORIENTED_EDGE('',*,*,#49,.F.);
#768 = ORIENTED_EDGE('',*,*,#91,.F.);
#769 = ORIENTED_EDGE('',*,*,#770,.F.);
#770 = EDGE_CURVE('',#771,#84,#773,.T.);
#771 = VERTEX_POINT('',#772);
#772 = CARTESIAN_POINT('',(92.5,-57.,1.51));
#773 = CIRCLE('',#774,2.999997758775);
#774 = AXIS2_PLACEMENT_3D('',#775,#776,#777);
#775 = CARTESIAN_POINT('',(95.499997758774,-56.99999775877,1.51));
#776 = DIRECTION('',(0.,0.,-1.));
#777 = DIRECTION('',(-1.,-7.470757373224E-07,-0.));
#778 = ORIENTED_EDGE('',*,*,#779,.F.);
#779 = EDGE_CURVE('',#780,#771,#782,.T.);
#780 = VERTEX_POINT('',#781);
#781 = CARTESIAN_POINT('',(92.5,-153.,1.51));
#782 = LINE('',#783,#784);
#783 = CARTESIAN_POINT('',(92.5,-153.,1.51));
#784 = VECTOR('',#785,1.);
#785 = DIRECTION('',(0.,1.,0.));
#786 = ORIENTED_EDGE('',*,*,#787,.F.);
#787 = EDGE_CURVE('',#788,#780,#790,.T.);
#788 = VERTEX_POINT('',#789);
#789 = CARTESIAN_POINT('',(95.5,-156.,1.51));
#790 = CIRCLE('',#791,2.999999465879);
#791 = AXIS2_PLACEMENT_3D('',#792,#793,#794);
#792 = CARTESIAN_POINT('',(95.499999465879,-153.0000005341,1.51));
#793 = DIRECTION('',(0.,0.,-1.));
#794 = DIRECTION('',(1.780403176199E-07,-1.,0.));
#795 = ORIENTED_EDGE('',*,*,#796,.F.);
#796 = EDGE_CURVE('',#797,#788,#799,.T.);
#797 = VERTEX_POINT('',#798);
#798 = CARTESIAN_POINT('',(201.5,-156.,1.51));
#799 = LINE('',#800,#801);
#800 = CARTESIAN_POINT('',(201.5,-156.,1.51));
#801 = VECTOR('',#802,1.);
#802 = DIRECTION('',(-1.,0.,0.));
#803 = ORIENTED_EDGE('',*,*,#804,.F.);
#804 = EDGE_CURVE('',#114,#797,#805,.T.);
#805 = CIRCLE('',#806,3.000001172987);
#806 = AXIS2_PLACEMENT_3D('',#807,#808,#809);
#807 = CARTESIAN_POINT('',(201.49999882701,-152.999998827,1.51));
#808 = DIRECTION('',(0.,0.,-1.));
#809 = DIRECTION('',(1.,-3.909953710804E-07,0.));
#810 = ORIENTED_EDGE('',*,*,#113,.F.);
#811 = FACE_BOUND('',#812,.T.);
#812 = EDGE_LOOP('',(#813));
#813 = ORIENTED_EDGE('',*,*,#814,.T.);
#814 = EDGE_CURVE('',#815,#815,#817,.T.);
#815 = VERTEX_POINT('',#816);
#816 = CARTESIAN_POINT('',(113.895,-130.875,1.51));
#817 = CIRCLE('',#818,0.875);
#818 = AXIS2_PLACEMENT_3D('',#819,#820,#821);
#819 = CARTESIAN_POINT('',(113.895,-130.,1.51));
#820 = DIRECTION('',(-0.,0.,-1.));
#821 = DIRECTION('',(-0.,-1.,0.));
#822 = FACE_BOUND('',#823,.T.);
#823 = EDGE_LOOP('',(#824));
#824 = ORIENTED_EDGE('',*,*,#825,.T.);
#825 = EDGE_CURVE('',#826,#826,#828,.T.);
#826 = VERTEX_POINT('',#827);
#827 = CARTESIAN_POINT('',(115.165,-128.985,1.51));
#828 = CIRCLE('',#829,1.525);
#829 = AXIS2_PLACEMENT_3D('',#830,#831,#832);
#830 = CARTESIAN_POINT('',(115.165,-127.46,1.51));
#831 = DIRECTION('',(-0.,0.,-1.));
#832 = DIRECTION('',(9.31859325587E-15,-1.,-0.));
#833 = FACE_BOUND('',#834,.T.);
#834 = EDGE_LOOP('',(#835));
#835 = ORIENTED_EDGE('',*,*,#836,.T.);
#836 = EDGE_CURVE('',#837,#837,#839,.T.);
#837 = VERTEX_POINT('',#838);
#838 = CARTESIAN_POINT('',(118.975,-132.,1.51));
#839 = CIRCLE('',#840,2.);
#840 = AXIS2_PLACEMENT_3D('',#841,#842,#843);
#841 = CARTESIAN_POINT('',(118.975,-130.,1.51));
#842 = DIRECTION('',(-0.,0.,-1.));
#843 = DIRECTION('',(-0.,-1.,0.));
#844 = FACE_BOUND('',#845,.T.);
#845 = EDGE_LOOP('',(#846));
#846 = ORIENTED_EDGE('',*,*,#847,.T.);
#847 = EDGE_CURVE('',#848,#848,#850,.T.);
#848 = VERTEX_POINT('',#849);
#849 = CARTESIAN_POINT('',(121.515,-126.445,1.51));
#850 = CIRCLE('',#851,1.525);
#851 = AXIS2_PLACEMENT_3D('',#852,#853,#854);
#852 = CARTESIAN_POINT('',(121.515,-124.92,1.51));
#853 = DIRECTION('',(-0.,0.,-1.));
#854 = DIRECTION('',(-0.,-1.,0.));
#855 = FACE_BOUND('',#856,.T.);
#856 = EDGE_LOOP('',(#857));
#857 = ORIENTED_EDGE('',*,*,#858,.T.);
#858 = EDGE_CURVE('',#859,#859,#861,.T.);
#859 = VERTEX_POINT('',#860);
#860 = CARTESIAN_POINT('',(124.055,-130.875,1.51));
#861 = CIRCLE('',#862,0.875);
#862 = AXIS2_PLACEMENT_3D('',#863,#864,#865);
#863 = CARTESIAN_POINT('',(124.055,-130.,1.51));
#864 = DIRECTION('',(-0.,0.,-1.));
#865 = DIRECTION('',(-0.,-1.,0.));
#866 = FACE_BOUND('',#867,.T.);
#867 = EDGE_LOOP('',(#868));
#868 = ORIENTED_EDGE('',*,*,#869,.T.);
#869 = EDGE_CURVE('',#870,#870,#872,.T.);
#870 = VERTEX_POINT('',#871);
#871 = CARTESIAN_POINT('',(106.309999,-102.300001,1.51));
#872 = CIRCLE('',#873,1.E-01);
#873 = AXIS2_PLACEMENT_3D('',#874,#875,#876);
#874 = CARTESIAN_POINT('',(106.309999,-102.200001,1.51));
#875 = DIRECTION('',(-0.,0.,-1.));
#876 = DIRECTION('',(-0.,-1.,0.));
#877 = FACE_BOUND('',#878,.T.);
#878 = EDGE_LOOP('',(#879));
#879 = ORIENTED_EDGE('',*,*,#880,.T.);
#880 = EDGE_CURVE('',#881,#881,#883,.T.);
#881 = VERTEX_POINT('',#882);
#882 = CARTESIAN_POINT('',(106.309998,-100.9,1.51));
#883 = CIRCLE('',#884,1.E-01);
#884 = AXIS2_PLACEMENT_3D('',#885,#886,#887);
#885 = CARTESIAN_POINT('',(106.309998,-100.8,1.51));
#886 = DIRECTION('',(-0.,0.,-1.));
#887 = DIRECTION('',(-1.42108547152E-13,-1.,0.));
#888 = FACE_BOUND('',#889,.T.);
#889 = EDGE_LOOP('',(#890));
#890 = ORIENTED_EDGE('',*,*,#891,.T.);
#891 = EDGE_CURVE('',#892,#892,#894,.T.);
#892 = VERTEX_POINT('',#893);
#893 = CARTESIAN_POINT('',(107.01,-103.000001,1.51));
#894 = CIRCLE('',#895,0.1);
#895 = AXIS2_PLACEMENT_3D('',#896,#897,#898);
#896 = CARTESIAN_POINT('',(107.01,-102.900001,1.51));
#897 = DIRECTION('',(-0.,0.,-1.));
#898 = DIRECTION('',(1.42108547152E-13,-1.,-0.));
#899 = FACE_BOUND('',#900,.T.);
#900 = EDGE_LOOP('',(#901));
#901 = ORIENTED_EDGE('',*,*,#902,.T.);
#902 = EDGE_CURVE('',#903,#903,#905,.T.);
#903 = VERTEX_POINT('',#904);
#904 = CARTESIAN_POINT('',(107.71,-102.300001,1.51));
#905 = CIRCLE('',#906,9.999999999999E-02);
#906 = AXIS2_PLACEMENT_3D('',#907,#908,#909);
#907 = CARTESIAN_POINT('',(107.71,-102.200001,1.51));
#908 = DIRECTION('',(-0.,0.,-1.));
#909 = DIRECTION('',(-1.42108547152E-13,-1.,0.));
#910 = FACE_BOUND('',#911,.T.);
#911 = EDGE_LOOP('',(#912));
#912 = ORIENTED_EDGE('',*,*,#913,.T.);
#913 = EDGE_CURVE('',#914,#914,#916,.T.);
#914 = VERTEX_POINT('',#915);
#915 = CARTESIAN_POINT('',(108.41,-103.000001,1.51));
#916 = CIRCLE('',#917,0.1);
#917 = AXIS2_PLACEMENT_3D('',#918,#919,#920);
#918 = CARTESIAN_POINT('',(108.41,-102.900001,1.51));
#919 = DIRECTION('',(-0.,0.,-1.));
#920 = DIRECTION('',(-0.,-1.,0.));
#921 = FACE_BOUND('',#922,.T.);
#922 = EDGE_LOOP('',(#923));
#923 = ORIENTED_EDGE('',*,*,#924,.T.);
#924 = EDGE_CURVE('',#925,#925,#927,.T.);
#925 = VERTEX_POINT('',#926);
#926 = CARTESIAN_POINT('',(109.11,-102.300001,1.51));
#927 = CIRCLE('',#928,9.999999999999E-02);
#928 = AXIS2_PLACEMENT_3D('',#929,#930,#931);
#929 = CARTESIAN_POINT('',(109.11,-102.200001,1.51));
#930 = DIRECTION('',(-0.,0.,-1.));
#931 = DIRECTION('',(-0.,-1.,0.));
#932 = FACE_BOUND('',#933,.T.);
#933 = EDGE_LOOP('',(#934));
#934 = ORIENTED_EDGE('',*,*,#935,.T.);
#935 = EDGE_CURVE('',#936,#936,#938,.T.);
#936 = VERTEX_POINT('',#937);
#937 = CARTESIAN_POINT('',(107.009998,-101.600001,1.51));
#938 = CIRCLE('',#939,0.1);
#939 = AXIS2_PLACEMENT_3D('',#940,#941,#942);
#940 = CARTESIAN_POINT('',(107.009998,-101.500001,1.51));
#941 = DIRECTION('',(-0.,0.,-1.));
#942 = DIRECTION('',(-0.,-1.,0.));
#943 = FACE_BOUND('',#944,.T.);
#944 = EDGE_LOOP('',(#945));
#945 = ORIENTED_EDGE('',*,*,#946,.T.);
#946 = EDGE_CURVE('',#947,#947,#949,.T.);
#947 = VERTEX_POINT('',#948);
#948 = CARTESIAN_POINT('',(107.709998,-100.900001,1.51));
#949 = CIRCLE('',#950,9.999999999999E-02);
#950 = AXIS2_PLACEMENT_3D('',#951,#952,#953);
#951 = CARTESIAN_POINT('',(107.709998,-100.800001,1.51));
#952 = DIRECTION('',(-0.,0.,-1.));
#953 = DIRECTION('',(-0.,-1.,0.));
#954 = FACE_BOUND('',#955,.T.);
#955 = EDGE_LOOP('',(#956));
#956 = ORIENTED_EDGE('',*,*,#957,.T.);
#957 = EDGE_CURVE('',#958,#958,#960,.T.);
#958 = VERTEX_POINT('',#959);
#959 = CARTESIAN_POINT('',(107.009998,-100.2,1.51));
#960 = CIRCLE('',#961,0.1);
#961 = AXIS2_PLACEMENT_3D('',#962,#963,#964);
#962 = CARTESIAN_POINT('',(107.009998,-100.1,1.51));
#963 = DIRECTION('',(-0.,0.,-1.));
#964 = DIRECTION('',(-0.,-1.,0.));
#965 = FACE_BOUND('',#966,.T.);
#966 = EDGE_LOOP('',(#967));
#967 = ORIENTED_EDGE('',*,*,#968,.T.);
#968 = EDGE_CURVE('',#969,#969,#971,.T.);
#969 = VERTEX_POINT('',#970);
#970 = CARTESIAN_POINT('',(108.409999,-101.600001,1.51));
#971 = CIRCLE('',#972,9.999999999999E-02);
#972 = AXIS2_PLACEMENT_3D('',#973,#974,#975);
#973 = CARTESIAN_POINT('',(108.409999,-101.500001,1.51));
#974 = DIRECTION('',(-0.,0.,-1.));
#975 = DIRECTION('',(-0.,-1.,0.));
#976 = FACE_BOUND('',#977,.T.);
#977 = EDGE_LOOP('',(#978));
#978 = ORIENTED_EDGE('',*,*,#979,.T.);
#979 = EDGE_CURVE('',#980,#980,#982,.T.);
#980 = VERTEX_POINT('',#981);
#981 = CARTESIAN_POINT('',(109.109998,-100.900001,1.51));
#982 = CIRCLE('',#983,0.1);
#983 = AXIS2_PLACEMENT_3D('',#984,#985,#986);
#984 = CARTESIAN_POINT('',(109.109998,-100.800001,1.51));
#985 = DIRECTION('',(-0.,0.,-1.));
#986 = DIRECTION('',(1.42108547152E-13,-1.,-0.));
#987 = FACE_BOUND('',#988,.T.);
#988 = EDGE_LOOP('',(#989));
#989 = ORIENTED_EDGE('',*,*,#990,.T.);
#990 = EDGE_CURVE('',#991,#991,#993,.T.);
#991 = VERTEX_POINT('',#992);
#992 = CARTESIAN_POINT('',(108.409998,-100.200001,1.51));
#993 = CIRCLE('',#994,1.E-01);
#994 = AXIS2_PLACEMENT_3D('',#995,#996,#997);
#995 = CARTESIAN_POINT('',(108.409998,-100.100001,1.51));
#996 = DIRECTION('',(-0.,0.,-1.));
#997 = DIRECTION('',(-0.,-1.,0.));
#998 = FACE_BOUND('',#999,.T.);
#999 = EDGE_LOOP('',(#1000));
#1000 = ORIENTED_EDGE('',*,*,#1001,.T.);
#1001 = EDGE_CURVE('',#1002,#1002,#1004,.T.);
#1002 = VERTEX_POINT('',#1003);
#1003 = CARTESIAN_POINT('',(132.945,-130.875,1.51));
#1004 = CIRCLE('',#1005,0.875);
#1005 = AXIS2_PLACEMENT_3D('',#1006,#1007,#1008);
#1006 = CARTESIAN_POINT('',(132.945,-130.,1.51));
#1007 = DIRECTION('',(-0.,0.,-1.));
#1008 = DIRECTION('',(-0.,-1.,0.));
#1009 = FACE_BOUND('',#1010,.T.);
#1010 = EDGE_LOOP('',(#1011));
#1011 = ORIENTED_EDGE('',*,*,#1012,.T.);
#1012 = EDGE_CURVE('',#1013,#1013,#1015,.T.);
#1013 = VERTEX_POINT('',#1014);
#1014 = CARTESIAN_POINT('',(134.215,-128.985,1.51));
#1015 = CIRCLE('',#1016,1.525);
#1016 = AXIS2_PLACEMENT_3D('',#1017,#1018,#1019);
#1017 = CARTESIAN_POINT('',(134.215,-127.46,1.51));
#1018 = DIRECTION('',(-0.,0.,-1.));
#1019 = DIRECTION('',(-0.,-1.,0.));
#1020 = FACE_BOUND('',#1021,.T.);
#1021 = EDGE_LOOP('',(#1022));
#1022 = ORIENTED_EDGE('',*,*,#1023,.T.);
#1023 = EDGE_CURVE('',#1024,#1024,#1026,.T.);
#1024 = VERTEX_POINT('',#1025);
#1025 = CARTESIAN_POINT('',(138.025,-132.,1.51));
#1026 = CIRCLE('',#1027,2.);
#1027 = AXIS2_PLACEMENT_3D('',#1028,#1029,#1030);
#1028 = CARTESIAN_POINT('',(138.025,-130.,1.51));
#1029 = DIRECTION('',(-0.,0.,-1.));
#1030 = DIRECTION('',(-0.,-1.,0.));
#1031 = FACE_BOUND('',#1032,.T.);
#1032 = EDGE_LOOP('',(#1033));
#1033 = ORIENTED_EDGE('',*,*,#1034,.T.);
#1034 = EDGE_CURVE('',#1035,#1035,#1037,.T.);
#1035 = VERTEX_POINT('',#1036);
#1036 = CARTESIAN_POINT('',(140.565,-126.445,1.51));
#1037 = CIRCLE('',#1038,1.525);
#1038 = AXIS2_PLACEMENT_3D('',#1039,#1040,#1041);
#1039 = CARTESIAN_POINT('',(140.565,-124.92,1.51));
#1040 = DIRECTION('',(-0.,0.,-1.));
#1041 = DIRECTION('',(-0.,-1.,0.));
#1042 = FACE_BOUND('',#1043,.T.);
#1043 = EDGE_LOOP('',(#1044));
#1044 = ORIENTED_EDGE('',*,*,#1045,.T.);
#1045 = EDGE_CURVE('',#1046,#1046,#1048,.T.);
#1046 = VERTEX_POINT('',#1047);
#1047 = CARTESIAN_POINT('',(143.105,-130.875,1.51));
#1048 = CIRCLE('',#1049,0.875);
#1049 = AXIS2_PLACEMENT_3D('',#1050,#1051,#1052);
#1050 = CARTESIAN_POINT('',(143.105,-130.,1.51));
#1051 = DIRECTION('',(-0.,0.,-1.));
#1052 = DIRECTION('',(-0.,-1.,0.));
#1053 = FACE_BOUND('',#1054,.T.);
#1054 = EDGE_LOOP('',(#1055));
#1055 = ORIENTED_EDGE('',*,*,#1056,.T.);
#1056 = EDGE_CURVE('',#1057,#1057,#1059,.T.);
#1057 = VERTEX_POINT('',#1058);
#1058 = CARTESIAN_POINT('',(104.37,-78.375,1.51));
#1059 = CIRCLE('',#1060,0.875);
#1060 = AXIS2_PLACEMENT_3D('',#1061,#1062,#1063);
#1061 = CARTESIAN_POINT('',(104.37,-77.5,1.51));
#1062 = DIRECTION('',(-0.,0.,-1.));
#1063 = DIRECTION('',(-0.,-1.,0.));
#1064 = FACE_BOUND('',#1065,.T.);
#1065 = EDGE_LOOP('',(#1066));
#1066 = ORIENTED_EDGE('',*,*,#1067,.T.);
#1067 = EDGE_CURVE('',#1068,#1068,#1070,.T.);
#1068 = VERTEX_POINT('',#1069);
#1069 = CARTESIAN_POINT('',(109.45,-79.5,1.51));
#1070 = CIRCLE('',#1071,2.);
#1071 = AXIS2_PLACEMENT_3D('',#1072,#1073,#1074);
#1072 = CARTESIAN_POINT('',(109.45,-77.5,1.51));
#1073 = DIRECTION('',(-0.,0.,-1.));
#1074 = DIRECTION('',(-0.,-1.,0.));
#1075 = FACE_BOUND('',#1076,.T.);
#1076 = EDGE_LOOP('',(#1077));
#1077 = ORIENTED_EDGE('',*,*,#1078,.T.);
#1078 = EDGE_CURVE('',#1079,#1079,#1081,.T.);
#1079 = VERTEX_POINT('',#1080);
#1080 = CARTESIAN_POINT('',(114.53,-78.375,1.51));
#1081 = CIRCLE('',#1082,0.875);
#1082 = AXIS2_PLACEMENT_3D('',#1083,#1084,#1085);
#1083 = CARTESIAN_POINT('',(114.53,-77.5,1.51));
#1084 = DIRECTION('',(-0.,0.,-1.));
#1085 = DIRECTION('',(-0.,-1.,0.));
#1086 = FACE_BOUND('',#1087,.T.);
#1087 = EDGE_LOOP('',(#1088));
#1088 = ORIENTED_EDGE('',*,*,#1089,.T.);
#1089 = EDGE_CURVE('',#1090,#1090,#1092,.T.);
#1090 = VERTEX_POINT('',#1091);
#1091 = CARTESIAN_POINT('',(123.42,-78.375,1.51));
#1092 = CIRCLE('',#1093,0.875);
#1093 = AXIS2_PLACEMENT_3D('',#1094,#1095,#1096);
#1094 = CARTESIAN_POINT('',(123.42,-77.5,1.51));
#1095 = DIRECTION('',(-0.,0.,-1.));
#1096 = DIRECTION('',(-0.,-1.,0.));
#1097 = FACE_BOUND('',#1098,.T.);
#1098 = EDGE_LOOP('',(#1099));
#1099 = ORIENTED_EDGE('',*,*,#1100,.T.);
#1100 = EDGE_CURVE('',#1101,#1101,#1103,.T.);
#1101 = VERTEX_POINT('',#1102);
#1102 = CARTESIAN_POINT('',(128.5,-79.5,1.51));
#1103 = CIRCLE('',#1104,2.);
#1104 = AXIS2_PLACEMENT_3D('',#1105,#1106,#1107);
#1105 = CARTESIAN_POINT('',(128.5,-77.5,1.51));
#1106 = DIRECTION('',(-0.,0.,-1.));
#1107 = DIRECTION('',(-0.,-1.,0.));
#1108 = FACE_BOUND('',#1109,.T.);
#1109 = EDGE_LOOP('',(#1110));
#1110 = ORIENTED_EDGE('',*,*,#1111,.T.);
#1111 = EDGE_CURVE('',#1112,#1112,#1114,.T.);
#1112 = VERTEX_POINT('',#1113);
#1113 = CARTESIAN_POINT('',(105.64,-76.485,1.51));
#1114 = CIRCLE('',#1115,1.525);
#1115 = AXIS2_PLACEMENT_3D('',#1116,#1117,#1118);
#1116 = CARTESIAN_POINT('',(105.64,-74.96,1.51));
#1117 = DIRECTION('',(-0.,0.,-1.));
#1118 = DIRECTION('',(-0.,-1.,0.));
#1119 = FACE_BOUND('',#1120,.T.);
#1120 = EDGE_LOOP('',(#1121));
#1121 = ORIENTED_EDGE('',*,*,#1122,.T.);
#1122 = EDGE_CURVE('',#1123,#1123,#1125,.T.);
#1123 = VERTEX_POINT('',#1124);
#1124 = CARTESIAN_POINT('',(111.99,-73.945,1.51));
#1125 = CIRCLE('',#1126,1.525);
#1126 = AXIS2_PLACEMENT_3D('',#1127,#1128,#1129);
#1127 = CARTESIAN_POINT('',(111.99,-72.42,1.51));
#1128 = DIRECTION('',(-0.,0.,-1.));
#1129 = DIRECTION('',(-9.31859325587E-15,-1.,0.));
#1130 = FACE_BOUND('',#1131,.T.);
#1131 = EDGE_LOOP('',(#1132));
#1132 = ORIENTED_EDGE('',*,*,#1133,.T.);
#1133 = EDGE_CURVE('',#1134,#1134,#1136,.T.);
#1134 = VERTEX_POINT('',#1135);
#1135 = CARTESIAN_POINT('',(124.69,-76.485,1.51));
#1136 = CIRCLE('',#1137,1.525);
#1137 = AXIS2_PLACEMENT_3D('',#1138,#1139,#1140);
#1138 = CARTESIAN_POINT('',(124.69,-74.96,1.51));
#1139 = DIRECTION('',(-0.,0.,-1.));
#1140 = DIRECTION('',(-0.,-1.,0.));
#1141 = FACE_BOUND('',#1142,.T.);
#1142 = EDGE_LOOP('',(#1143,#1154,#1162,#1171));
#1143 = ORIENTED_EDGE('',*,*,#1144,.T.);
#1144 = EDGE_CURVE('',#1145,#1147,#1149,.T.);
#1145 = VERTEX_POINT('',#1146);
#1146 = CARTESIAN_POINT('',(124.48,-62.979999,1.51));
#1147 = VERTEX_POINT('',#1148);
#1148 = CARTESIAN_POINT('',(123.88,-62.979999,1.51));
#1149 = CIRCLE('',#1150,0.3);
#1150 = AXIS2_PLACEMENT_3D('',#1151,#1152,#1153);
#1151 = CARTESIAN_POINT('',(124.18,-62.979999,1.51));
#1152 = DIRECTION('',(-0.,0.,-1.));
#1153 = DIRECTION('',(-1.,-4.736951571734E-14,0.));
#1154 = ORIENTED_EDGE('',*,*,#1155,.T.);
#1155 = EDGE_CURVE('',#1147,#1156,#1158,.T.);
#1156 = VERTEX_POINT('',#1157);
#1157 = CARTESIAN_POINT('',(123.88,-61.879999,1.51));
#1158 = LINE('',#1159,#1160);
#1159 = CARTESIAN_POINT('',(123.88,-30.9399995,1.51));
#1160 = VECTOR('',#1161,1.);
#1161 = DIRECTION('',(-0.,1.,0.));
#1162 = ORIENTED_EDGE('',*,*,#1163,.T.);
#1163 = EDGE_CURVE('',#1156,#1164,#1166,.T.);
#1164 = VERTEX_POINT('',#1165);
#1165 = CARTESIAN_POINT('',(124.48,-61.879999,1.51));
#1166 = CIRCLE('',#1167,0.3);
#1167 = AXIS2_PLACEMENT_3D('',#1168,#1169,#1170);
#1168 = CARTESIAN_POINT('',(124.18,-61.879999,1.51));
#1169 = DIRECTION('',(0.,-0.,-1.));
#1170 = DIRECTION('',(1.,4.736951571734E-14,-0.));
#1171 = ORIENTED_EDGE('',*,*,#1172,.T.);
#1172 = EDGE_CURVE('',#1164,#1145,#1173,.T.);
#1173 = LINE('',#1174,#1175);
#1174 = CARTESIAN_POINT('',(124.48,-31.4899995,1.51));
#1175 = VECTOR('',#1176,1.);
#1176 = DIRECTION('',(0.,-1.,0.));
#1177 = FACE_BOUND('',#1178,.T.);
#1178 = EDGE_LOOP('',(#1179,#1190,#1198,#1207));
#1179 = ORIENTED_EDGE('',*,*,#1180,.T.);
#1180 = EDGE_CURVE('',#1181,#1183,#1185,.T.);
#1181 = VERTEX_POINT('',#1182);
#1182 = CARTESIAN_POINT('',(124.48,-58.55,1.51));
#1183 = VERTEX_POINT('',#1184);
#1184 = CARTESIAN_POINT('',(123.88,-58.55,1.51));
#1185 = CIRCLE('',#1186,0.3);
#1186 = AXIS2_PLACEMENT_3D('',#1187,#1188,#1189);
#1187 = CARTESIAN_POINT('',(124.18,-58.55,1.51));
#1188 = DIRECTION('',(-0.,0.,-1.));
#1189 = DIRECTION('',(-1.,0.,0.));
#1190 = ORIENTED_EDGE('',*,*,#1191,.T.);
#1191 = EDGE_CURVE('',#1183,#1192,#1194,.T.);
#1192 = VERTEX_POINT('',#1193);
#1193 = CARTESIAN_POINT('',(123.88,-57.95,1.51));
#1194 = LINE('',#1195,#1196);
#1195 = CARTESIAN_POINT('',(123.88,-28.975,1.51));
#1196 = VECTOR('',#1197,1.);
#1197 = DIRECTION('',(-0.,1.,0.));
#1198 = ORIENTED_EDGE('',*,*,#1199,.T.);
#1199 = EDGE_CURVE('',#1192,#1200,#1202,.T.);
#1200 = VERTEX_POINT('',#1201);
#1201 = CARTESIAN_POINT('',(124.48,-57.95,1.51));
#1202 = CIRCLE('',#1203,0.3);
#1203 = AXIS2_PLACEMENT_3D('',#1204,#1205,#1206);
#1204 = CARTESIAN_POINT('',(124.18,-57.95,1.51));
#1205 = DIRECTION('',(0.,-0.,-1.));
#1206 = DIRECTION('',(1.,0.,-0.));
#1207 = ORIENTED_EDGE('',*,*,#1208,.T.);
#1208 = EDGE_CURVE('',#1200,#1181,#1209,.T.);
#1209 = LINE('',#1210,#1211);
#1210 = CARTESIAN_POINT('',(124.48,-29.275,1.51));
#1211 = VECTOR('',#1212,1.);
#1212 = DIRECTION('',(0.,-1.,0.));
#1213 = FACE_BOUND('',#1214,.T.);
#1214 = EDGE_LOOP('',(#1215));
#1215 = ORIENTED_EDGE('',*,*,#1216,.T.);
#1216 = EDGE_CURVE('',#1217,#1217,#1219,.T.);
#1217 = VERTEX_POINT('',#1218);
#1218 = CARTESIAN_POINT('',(125.61,-62.224999,1.51));
#1219 = CIRCLE('',#1220,0.325);
#1220 = AXIS2_PLACEMENT_3D('',#1221,#1222,#1223);
#1221 = CARTESIAN_POINT('',(125.61,-61.899999,1.51));
#1222 = DIRECTION('',(-0.,0.,-1.));
#1223 = DIRECTION('',(-0.,-1.,0.));
#1224 = FACE_BOUND('',#1225,.T.);
#1225 = EDGE_LOOP('',(#1226));
#1226 = ORIENTED_EDGE('',*,*,#1227,.T.);
#1227 = EDGE_CURVE('',#1228,#1228,#1230,.T.);
#1228 = VERTEX_POINT('',#1229);
#1229 = CARTESIAN_POINT('',(133.58,-78.375,1.51));
#1230 = CIRCLE('',#1231,0.875);
#1231 = AXIS2_PLACEMENT_3D('',#1232,#1233,#1234);
#1232 = CARTESIAN_POINT('',(133.58,-77.5,1.51));
#1233 = DIRECTION('',(-0.,0.,-1.));
#1234 = DIRECTION('',(-0.,-1.,0.));
#1235 = FACE_BOUND('',#1236,.T.);
#1236 = EDGE_LOOP('',(#1237));
#1237 = ORIENTED_EDGE('',*,*,#1238,.T.);
#1238 = EDGE_CURVE('',#1239,#1239,#1241,.T.);
#1239 = VERTEX_POINT('',#1240);
#1240 = CARTESIAN_POINT('',(142.47,-78.375,1.51));
#1241 = CIRCLE('',#1242,0.875);
#1242 = AXIS2_PLACEMENT_3D('',#1243,#1244,#1245);
#1243 = CARTESIAN_POINT('',(142.47,-77.5,1.51));
#1244 = DIRECTION('',(-0.,0.,-1.));
#1245 = DIRECTION('',(-0.,-1.,0.));
#1246 = FACE_BOUND('',#1247,.T.);
#1247 = EDGE_LOOP('',(#1248));
#1248 = ORIENTED_EDGE('',*,*,#1249,.T.);
#1249 = EDGE_CURVE('',#1250,#1250,#1252,.T.);
#1250 = VERTEX_POINT('',#1251);
#1251 = CARTESIAN_POINT('',(147.55,-79.5,1.51));
#1252 = CIRCLE('',#1253,2.);
#1253 = AXIS2_PLACEMENT_3D('',#1254,#1255,#1256);
#1254 = CARTESIAN_POINT('',(147.55,-77.5,1.51));
#1255 = DIRECTION('',(-0.,0.,-1.));
#1256 = DIRECTION('',(-0.,-1.,0.));
#1257 = FACE_BOUND('',#1258,.T.);
#1258 = EDGE_LOOP('',(#1259));
#1259 = ORIENTED_EDGE('',*,*,#1260,.T.);
#1260 = EDGE_CURVE('',#1261,#1261,#1263,.T.);
#1261 = VERTEX_POINT('',#1262);
#1262 = CARTESIAN_POINT('',(152.63,-78.375,1.51));
#1263 = CIRCLE('',#1264,0.875);
#1264 = AXIS2_PLACEMENT_3D('',#1265,#1266,#1267);
#1265 = CARTESIAN_POINT('',(152.63,-77.5,1.51));
#1266 = DIRECTION('',(-0.,0.,-1.));
#1267 = DIRECTION('',(-0.,-1.,0.));
#1268 = FACE_BOUND('',#1269,.T.);
#1269 = EDGE_LOOP('',(#1270));
#1270 = ORIENTED_EDGE('',*,*,#1271,.T.);
#1271 = EDGE_CURVE('',#1272,#1272,#1274,.T.);
#1272 = VERTEX_POINT('',#1273);
#1273 = CARTESIAN_POINT('',(131.04,-73.945,1.51));
#1274 = CIRCLE('',#1275,1.525);
#1275 = AXIS2_PLACEMENT_3D('',#1276,#1277,#1278);
#1276 = CARTESIAN_POINT('',(131.04,-72.42,1.51));
#1277 = DIRECTION('',(-0.,0.,-1.));
#1278 = DIRECTION('',(-0.,-1.,0.));
#1279 = FACE_BOUND('',#1280,.T.);
#1280 = EDGE_LOOP('',(#1281,#1292,#1300,#1309));
#1281 = ORIENTED_EDGE('',*,*,#1282,.T.);
#1282 = EDGE_CURVE('',#1283,#1285,#1287,.T.);
#1283 = VERTEX_POINT('',#1284);
#1284 = CARTESIAN_POINT('',(133.12,-62.98,1.51));
#1285 = VERTEX_POINT('',#1286);
#1286 = CARTESIAN_POINT('',(132.52,-62.98,1.51));
#1287 = CIRCLE('',#1288,0.3);
#1288 = AXIS2_PLACEMENT_3D('',#1289,#1290,#1291);
#1289 = CARTESIAN_POINT('',(132.82,-62.98,1.51));
#1290 = DIRECTION('',(-0.,0.,-1.));
#1291 = DIRECTION('',(-1.,4.736951571734E-14,0.));
#1292 = ORIENTED_EDGE('',*,*,#1293,.T.);
#1293 = EDGE_CURVE('',#1285,#1294,#1296,.T.);
#1294 = VERTEX_POINT('',#1295);
#1295 = CARTESIAN_POINT('',(132.52,-61.88,1.51));
#1296 = LINE('',#1297,#1298);
#1297 = CARTESIAN_POINT('',(132.52,-30.94,1.51));
#1298 = VECTOR('',#1299,1.);
#1299 = DIRECTION('',(-0.,1.,0.));
#1300 = ORIENTED_EDGE('',*,*,#1301,.T.);
#1301 = EDGE_CURVE('',#1294,#1302,#1304,.T.);
#1302 = VERTEX_POINT('',#1303);
#1303 = CARTESIAN_POINT('',(133.12,-61.88,1.51));
#1304 = CIRCLE('',#1305,0.3);
#1305 = AXIS2_PLACEMENT_3D('',#1306,#1307,#1308);
#1306 = CARTESIAN_POINT('',(132.82,-61.88,1.51));
#1307 = DIRECTION('',(0.,-0.,-1.));
#1308 = DIRECTION('',(1.,-4.736951571734E-14,0.));
#1309 = ORIENTED_EDGE('',*,*,#1310,.T.);
#1310 = EDGE_CURVE('',#1302,#1283,#1311,.T.);
#1311 = LINE('',#1312,#1313);
#1312 = CARTESIAN_POINT('',(133.12,-31.49,1.51));
#1313 = VECTOR('',#1314,1.);
#1314 = DIRECTION('',(0.,-1.,0.));
#1315 = FACE_BOUND('',#1316,.T.);
#1316 = EDGE_LOOP('',(#1317));
#1317 = ORIENTED_EDGE('',*,*,#1318,.T.);
#1318 = EDGE_CURVE('',#1319,#1319,#1321,.T.);
#1319 = VERTEX_POINT('',#1320);
#1320 = CARTESIAN_POINT('',(131.389999,-62.225,1.51));
#1321 = CIRCLE('',#1322,0.325);
#1322 = AXIS2_PLACEMENT_3D('',#1323,#1324,#1325);
#1323 = CARTESIAN_POINT('',(131.389999,-61.9,1.51));
#1324 = DIRECTION('',(-0.,0.,-1.));
#1325 = DIRECTION('',(-0.,-1.,0.));
#1326 = FACE_BOUND('',#1327,.T.);
#1327 = EDGE_LOOP('',(#1328,#1339,#1347,#1356));
#1328 = ORIENTED_EDGE('',*,*,#1329,.T.);
#1329 = EDGE_CURVE('',#1330,#1332,#1334,.T.);
#1330 = VERTEX_POINT('',#1331);
#1331 = CARTESIAN_POINT('',(133.12,-58.550001,1.51));
#1332 = VERTEX_POINT('',#1333);
#1333 = CARTESIAN_POINT('',(132.52,-58.550001,1.51));
#1334 = CIRCLE('',#1335,0.3);
#1335 = AXIS2_PLACEMENT_3D('',#1336,#1337,#1338);
#1336 = CARTESIAN_POINT('',(132.82,-58.550001,1.51));
#1337 = DIRECTION('',(-0.,0.,-1.));
#1338 = DIRECTION('',(-1.,2.368475785867E-14,0.));
#1339 = ORIENTED_EDGE('',*,*,#1340,.T.);
#1340 = EDGE_CURVE('',#1332,#1341,#1343,.T.);
#1341 = VERTEX_POINT('',#1342);
#1342 = CARTESIAN_POINT('',(132.52,-57.950001,1.51));
#1343 = LINE('',#1344,#1345);
#1344 = CARTESIAN_POINT('',(132.52,-28.9750005,1.51));
#1345 = VECTOR('',#1346,1.);
#1346 = DIRECTION('',(-0.,1.,0.));
#1347 = ORIENTED_EDGE('',*,*,#1348,.T.);
#1348 = EDGE_CURVE('',#1341,#1349,#1351,.T.);
#1349 = VERTEX_POINT('',#1350);
#1350 = CARTESIAN_POINT('',(133.12,-57.950001,1.51));
#1351 = CIRCLE('',#1352,0.3);
#1352 = AXIS2_PLACEMENT_3D('',#1353,#1354,#1355);
#1353 = CARTESIAN_POINT('',(132.82,-57.950001,1.51));
#1354 = DIRECTION('',(0.,-0.,-1.));
#1355 = DIRECTION('',(1.,-2.368475785867E-14,0.));
#1356 = ORIENTED_EDGE('',*,*,#1357,.T.);
#1357 = EDGE_CURVE('',#1349,#1330,#1358,.T.);
#1358 = LINE('',#1359,#1360);
#1359 = CARTESIAN_POINT('',(133.12,-29.2750005,1.51));
#1360 = VECTOR('',#1361,1.);
#1361 = DIRECTION('',(0.,-1.,0.));
#1362 = FACE_BOUND('',#1363,.T.);
#1363 = EDGE_LOOP('',(#1364));
#1364 = ORIENTED_EDGE('',*,*,#1365,.T.);
#1365 = EDGE_CURVE('',#1366,#1366,#1368,.T.);
#1366 = VERTEX_POINT('',#1367);
#1367 = CARTESIAN_POINT('',(143.74,-76.485,1.51));
#1368 = CIRCLE('',#1369,1.525);
#1369 = AXIS2_PLACEMENT_3D('',#1370,#1371,#1372);
#1370 = CARTESIAN_POINT('',(143.74,-74.96,1.51));
#1371 = DIRECTION('',(-0.,0.,-1.));
#1372 = DIRECTION('',(-0.,-1.,0.));
#1373 = FACE_BOUND('',#1374,.T.);
#1374 = EDGE_LOOP('',(#1375));
#1375 = ORIENTED_EDGE('',*,*,#1376,.T.);
#1376 = EDGE_CURVE('',#1377,#1377,#1379,.T.);
#1377 = VERTEX_POINT('',#1378);
#1378 = CARTESIAN_POINT('',(150.09,-73.945,1.51));
#1379 = CIRCLE('',#1380,1.525);
#1380 = AXIS2_PLACEMENT_3D('',#1381,#1382,#1383);
#1381 = CARTESIAN_POINT('',(150.09,-72.42,1.51));
#1382 = DIRECTION('',(-0.,0.,-1.));
#1383 = DIRECTION('',(-0.,-1.,0.));
#1384 = PLANE('',#1385);
#1385 = AXIS2_PLACEMENT_3D('',#1386,#1387,#1388);
#1386 = CARTESIAN_POINT('',(0.,0.,1.51));
#1387 = DIRECTION('',(0.,0.,1.));
#1388 = DIRECTION('',(1.,0.,-0.));
#1389 = ADVANCED_FACE('',(#1390),#1401,.T.);
#1390 = FACE_BOUND('',#1391,.T.);
#1391 = EDGE_LOOP('',(#1392,#1398,#1399,#1400));
#1392 = ORIENTED_EDGE('',*,*,#1393,.T.);
#1393 = EDGE_CURVE('',#146,#771,#1394,.T.);
#1394 = LINE('',#1395,#1396);
#1395 = CARTESIAN_POINT('',(92.5,-57.,0.));
#1396 = VECTOR('',#1397,1.);
#1397 = DIRECTION('',(0.,0.,1.));
#1398 = ORIENTED_EDGE('',*,*,#770,.T.);
#1399 = ORIENTED_EDGE('',*,*,#81,.F.);
#1400 = ORIENTED_EDGE('',*,*,#145,.F.);
#1401 = CYLINDRICAL_SURFACE('',#1402,2.999997758775);
#1402 = AXIS2_PLACEMENT_3D('',#1403,#1404,#1405);
#1403 = CARTESIAN_POINT('',(95.499997758774,-56.99999775877,0.));
#1404 = DIRECTION('',(0.,0.,-1.));
#1405 = DIRECTION('',(-1.,-7.470757373224E-07,-0.));
#1406 = ADVANCED_FACE('',(#1407),#1418,.T.);
#1407 = FACE_BOUND('',#1408,.T.);
#1408 = EDGE_LOOP('',(#1409,#1410,#1411,#1417));
#1409 = ORIENTED_EDGE('',*,*,#121,.T.);
#1410 = ORIENTED_EDGE('',*,*,#804,.T.);
#1411 = ORIENTED_EDGE('',*,*,#1412,.F.);
#1412 = EDGE_CURVE('',#172,#797,#1413,.T.);
#1413 = LINE('',#1414,#1415);
#1414 = CARTESIAN_POINT('',(201.5,-156.,0.));
#1415 = VECTOR('',#1416,1.);
#1416 = DIRECTION('',(0.,0.,1.));
#1417 = ORIENTED_EDGE('',*,*,#179,.F.);
#1418 = CYLINDRICAL_SURFACE('',#1419,3.000001172987);
#1419 = AXIS2_PLACEMENT_3D('',#1420,#1421,#1422);
#1420 = CARTESIAN_POINT('',(201.49999882701,-152.999998827,0.));
#1421 = DIRECTION('',(0.,0.,-1.));
#1422 = DIRECTION('',(1.,-3.909953710804E-07,0.));
#1423 = ADVANCED_FACE('',(#1424),#1435,.T.);
#1424 = FACE_BOUND('',#1425,.T.);
#1425 = EDGE_LOOP('',(#1426,#1432,#1433,#1434));
#1426 = ORIENTED_EDGE('',*,*,#1427,.T.);
#1427 = EDGE_CURVE('',#155,#780,#1428,.T.);
#1428 = LINE('',#1429,#1430);
#1429 = CARTESIAN_POINT('',(92.5,-153.,0.));
#1430 = VECTOR('',#1431,1.);
#1431 = DIRECTION('',(0.,0.,1.));
#1432 = ORIENTED_EDGE('',*,*,#779,.T.);
#1433 = ORIENTED_EDGE('',*,*,#1393,.F.);
#1434 = ORIENTED_EDGE('',*,*,#154,.F.);
#1435 = PLANE('',#1436);
#1436 = AXIS2_PLACEMENT_3D('',#1437,#1438,#1439);
#1437 = CARTESIAN_POINT('',(92.5,-153.,0.));
#1438 = DIRECTION('',(-1.,0.,0.));
#1439 = DIRECTION('',(0.,1.,0.));
#1440 = ADVANCED_FACE('',(#1441),#1452,.T.);
#1441 = FACE_BOUND('',#1442,.T.);
#1442 = EDGE_LOOP('',(#1443,#1444,#1445,#1451));
#1443 = ORIENTED_EDGE('',*,*,#1412,.T.);
#1444 = ORIENTED_EDGE('',*,*,#796,.T.);
#1445 = ORIENTED_EDGE('',*,*,#1446,.F.);
#1446 = EDGE_CURVE('',#163,#788,#1447,.T.);
#1447 = LINE('',#1448,#1449);
#1448 = CARTESIAN_POINT('',(95.5,-156.,0.));
#1449 = VECTOR('',#1450,1.);
#1450 = DIRECTION('',(0.,0.,1.));
#1451 = ORIENTED_EDGE('',*,*,#171,.F.);
#1452 = PLANE('',#1453);
#1453 = AXIS2_PLACEMENT_3D('',#1454,#1455,#1456);
#1454 = CARTESIAN_POINT('',(201.5,-156.,0.));
#1455 = DIRECTION('',(0.,-1.,0.));
#1456 = DIRECTION('',(-1.,0.,0.));
#1457 = ADVANCED_FACE('',(#1458),#1464,.T.);
#1458 = FACE_BOUND('',#1459,.T.);
#1459 = EDGE_LOOP('',(#1460,#1461,#1462,#1463));
#1460 = ORIENTED_EDGE('',*,*,#1446,.T.);
#1461 = ORIENTED_EDGE('',*,*,#787,.T.);
#1462 = ORIENTED_EDGE('',*,*,#1427,.F.);
#1463 = ORIENTED_EDGE('',*,*,#162,.F.);
#1464 = CYLINDRICAL_SURFACE('',#1465,2.999999465879);
#1465 = AXIS2_PLACEMENT_3D('',#1466,#1467,#1468);
#1466 = CARTESIAN_POINT('',(95.499999465879,-153.0000005341,0.));
#1467 = DIRECTION('',(0.,0.,-1.));
#1468 = DIRECTION('',(1.780403176199E-07,-1.,0.));
#1469 = ADVANCED_FACE('',(#1470),#1481,.F.);
#1470 = FACE_BOUND('',#1471,.T.);
#1471 = EDGE_LOOP('',(#1472,#1473,#1479,#1480));
#1472 = ORIENTED_EDGE('',*,*,#189,.T.);
#1473 = ORIENTED_EDGE('',*,*,#1474,.T.);
#1474 = EDGE_CURVE('',#190,#815,#1475,.T.);
#1475 = LINE('',#1476,#1477);
#1476 = CARTESIAN_POINT('',(113.895,-130.875,-4.6E-02));
#1477 = VECTOR('',#1478,1.);
#1478 = DIRECTION('',(0.,0.,1.));
#1479 = ORIENTED_EDGE('',*,*,#814,.F.);
#1480 = ORIENTED_EDGE('',*,*,#1474,.F.);
#1481 = CYLINDRICAL_SURFACE('',#1482,0.875);
#1482 = AXIS2_PLACEMENT_3D('',#1483,#1484,#1485);
#1483 = CARTESIAN_POINT('',(113.895,-130.,-4.6E-02));
#1484 = DIRECTION('',(-0.,-0.,-1.));
#1485 = DIRECTION('',(-0.,-1.,0.));
#1486 = ADVANCED_FACE('',(#1487),#1498,.F.);
#1487 = FACE_BOUND('',#1488,.T.);
#1488 = EDGE_LOOP('',(#1489,#1490,#1496,#1497));
#1489 = ORIENTED_EDGE('',*,*,#200,.T.);
#1490 = ORIENTED_EDGE('',*,*,#1491,.T.);
#1491 = EDGE_CURVE('',#201,#826,#1492,.T.);
#1492 = LINE('',#1493,#1494);
#1493 = CARTESIAN_POINT('',(115.165,-128.985,-4.6E-02));
#1494 = VECTOR('',#1495,1.);
#1495 = DIRECTION('',(0.,0.,1.));
#1496 = ORIENTED_EDGE('',*,*,#825,.F.);
#1497 = ORIENTED_EDGE('',*,*,#1491,.F.);
#1498 = CYLINDRICAL_SURFACE('',#1499,1.525);
#1499 = AXIS2_PLACEMENT_3D('',#1500,#1501,#1502);
#1500 = CARTESIAN_POINT('',(115.165,-127.46,-4.6E-02));
#1501 = DIRECTION('',(-0.,0.,-1.));
#1502 = DIRECTION('',(9.31859325587E-15,-1.,-0.));
#1503 = ADVANCED_FACE('',(#1504),#1515,.F.);
#1504 = FACE_BOUND('',#1505,.T.);
#1505 = EDGE_LOOP('',(#1506,#1507,#1513,#1514));
#1506 = ORIENTED_EDGE('',*,*,#211,.T.);
#1507 = ORIENTED_EDGE('',*,*,#1508,.T.);
#1508 = EDGE_CURVE('',#212,#837,#1509,.T.);
#1509 = LINE('',#1510,#1511);
#1510 = CARTESIAN_POINT('',(118.975,-132.,-4.6E-02));
#1511 = VECTOR('',#1512,1.);
#1512 = DIRECTION('',(0.,0.,1.));
#1513 = ORIENTED_EDGE('',*,*,#836,.F.);
#1514 = ORIENTED_EDGE('',*,*,#1508,.F.);
#1515 = CYLINDRICAL_SURFACE('',#1516,2.);
#1516 = AXIS2_PLACEMENT_3D('',#1517,#1518,#1519);
#1517 = CARTESIAN_POINT('',(118.975,-130.,-4.6E-02));
#1518 = DIRECTION('',(-0.,-0.,-1.));
#1519 = DIRECTION('',(-0.,-1.,0.));
#1520 = ADVANCED_FACE('',(#1521),#1532,.F.);
#1521 = FACE_BOUND('',#1522,.T.);
#1522 = EDGE_LOOP('',(#1523,#1524,#1530,#1531));
#1523 = ORIENTED_EDGE('',*,*,#222,.T.);
#1524 = ORIENTED_EDGE('',*,*,#1525,.T.);
#1525 = EDGE_CURVE('',#223,#848,#1526,.T.);
#1526 = LINE('',#1527,#1528);
#1527 = CARTESIAN_POINT('',(121.515,-126.445,-4.6E-02));
#1528 = VECTOR('',#1529,1.);
#1529 = DIRECTION('',(0.,0.,1.));
#1530 = ORIENTED_EDGE('',*,*,#847,.F.);
#1531 = ORIENTED_EDGE('',*,*,#1525,.F.);
#1532 = CYLINDRICAL_SURFACE('',#1533,1.525);
#1533 = AXIS2_PLACEMENT_3D('',#1534,#1535,#1536);
#1534 = CARTESIAN_POINT('',(121.515,-124.92,-4.6E-02));
#1535 = DIRECTION('',(-0.,-0.,-1.));
#1536 = DIRECTION('',(-0.,-1.,0.));
#1537 = ADVANCED_FACE('',(#1538),#1549,.F.);
#1538 = FACE_BOUND('',#1539,.T.);
#1539 = EDGE_LOOP('',(#1540,#1541,#1547,#1548));
#1540 = ORIENTED_EDGE('',*,*,#233,.T.);
#1541 = ORIENTED_EDGE('',*,*,#1542,.T.);
#1542 = EDGE_CURVE('',#234,#859,#1543,.T.);
#1543 = LINE('',#1544,#1545);
#1544 = CARTESIAN_POINT('',(124.055,-130.875,-4.6E-02));
#1545 = VECTOR('',#1546,1.);
#1546 = DIRECTION('',(0.,0.,1.));
#1547 = ORIENTED_EDGE('',*,*,#858,.F.);
#1548 = ORIENTED_EDGE('',*,*,#1542,.F.);
#1549 = CYLINDRICAL_SURFACE('',#1550,0.875);
#1550 = AXIS2_PLACEMENT_3D('',#1551,#1552,#1553);
#1551 = CARTESIAN_POINT('',(124.055,-130.,-4.6E-02));
#1552 = DIRECTION('',(-0.,-0.,-1.));
#1553 = DIRECTION('',(-0.,-1.,0.));
#1554 = ADVANCED_FACE('',(#1555),#1566,.F.);
#1555 = FACE_BOUND('',#1556,.T.);
#1556 = EDGE_LOOP('',(#1557,#1558,#1564,#1565));
#1557 = ORIENTED_EDGE('',*,*,#244,.T.);
#1558 = ORIENTED_EDGE('',*,*,#1559,.T.);
#1559 = EDGE_CURVE('',#245,#870,#1560,.T.);
#1560 = LINE('',#1561,#1562);
#1561 = CARTESIAN_POINT('',(106.309999,-102.300001,-4.6E-02));
#1562 = VECTOR('',#1563,1.);
#1563 = DIRECTION('',(0.,0.,1.));
#1564 = ORIENTED_EDGE('',*,*,#869,.F.);
#1565 = ORIENTED_EDGE('',*,*,#1559,.F.);
#1566 = CYLINDRICAL_SURFACE('',#1567,1.E-01);
#1567 = AXIS2_PLACEMENT_3D('',#1568,#1569,#1570);
#1568 = CARTESIAN_POINT('',(106.309999,-102.200001,-4.6E-02));
#1569 = DIRECTION('',(-0.,-0.,-1.));
#1570 = DIRECTION('',(-0.,-1.,0.));
#1571 = ADVANCED_FACE('',(#1572),#1583,.F.);
#1572 = FACE_BOUND('',#1573,.T.);
#1573 = EDGE_LOOP('',(#1574,#1575,#1581,#1582));
#1574 = ORIENTED_EDGE('',*,*,#255,.T.);
#1575 = ORIENTED_EDGE('',*,*,#1576,.T.);
#1576 = EDGE_CURVE('',#256,#881,#1577,.T.);
#1577 = LINE('',#1578,#1579);
#1578 = CARTESIAN_POINT('',(106.309998,-100.9,-4.6E-02));
#1579 = VECTOR('',#1580,1.);
#1580 = DIRECTION('',(0.,0.,1.));
#1581 = ORIENTED_EDGE('',*,*,#880,.F.);
#1582 = ORIENTED_EDGE('',*,*,#1576,.F.);
#1583 = CYLINDRICAL_SURFACE('',#1584,1.E-01);
#1584 = AXIS2_PLACEMENT_3D('',#1585,#1586,#1587);
#1585 = CARTESIAN_POINT('',(106.309998,-100.8,-4.6E-02));
#1586 = DIRECTION('',(-0.,-0.,-1.));
#1587 = DIRECTION('',(-1.42108547152E-13,-1.,0.));
#1588 = ADVANCED_FACE('',(#1589),#1600,.F.);
#1589 = FACE_BOUND('',#1590,.T.);
#1590 = EDGE_LOOP('',(#1591,#1592,#1598,#1599));
#1591 = ORIENTED_EDGE('',*,*,#266,.T.);
#1592 = ORIENTED_EDGE('',*,*,#1593,.T.);
#1593 = EDGE_CURVE('',#267,#892,#1594,.T.);
#1594 = LINE('',#1595,#1596);
#1595 = CARTESIAN_POINT('',(107.01,-103.000001,-4.6E-02));
#1596 = VECTOR('',#1597,1.);
#1597 = DIRECTION('',(0.,0.,1.));
#1598 = ORIENTED_EDGE('',*,*,#891,.F.);
#1599 = ORIENTED_EDGE('',*,*,#1593,.F.);
#1600 = CYLINDRICAL_SURFACE('',#1601,0.1);
#1601 = AXIS2_PLACEMENT_3D('',#1602,#1603,#1604);
#1602 = CARTESIAN_POINT('',(107.01,-102.900001,-4.6E-02));
#1603 = DIRECTION('',(-0.,0.,-1.));
#1604 = DIRECTION('',(1.42108547152E-13,-1.,-0.));
#1605 = ADVANCED_FACE('',(#1606),#1617,.F.);
#1606 = FACE_BOUND('',#1607,.T.);
#1607 = EDGE_LOOP('',(#1608,#1609,#1615,#1616));
#1608 = ORIENTED_EDGE('',*,*,#277,.T.);
#1609 = ORIENTED_EDGE('',*,*,#1610,.T.);
#1610 = EDGE_CURVE('',#278,#903,#1611,.T.);
#1611 = LINE('',#1612,#1613);
#1612 = CARTESIAN_POINT('',(107.71,-102.300001,-4.6E-02));
#1613 = VECTOR('',#1614,1.);
#1614 = DIRECTION('',(0.,0.,1.));
#1615 = ORIENTED_EDGE('',*,*,#902,.F.);
#1616 = ORIENTED_EDGE('',*,*,#1610,.F.);
#1617 = CYLINDRICAL_SURFACE('',#1618,9.999999999999E-02);
#1618 = AXIS2_PLACEMENT_3D('',#1619,#1620,#1621);
#1619 = CARTESIAN_POINT('',(107.71,-102.200001,-4.6E-02));
#1620 = DIRECTION('',(-0.,-0.,-1.));
#1621 = DIRECTION('',(-1.42108547152E-13,-1.,0.));
#1622 = ADVANCED_FACE('',(#1623),#1634,.F.);
#1623 = FACE_BOUND('',#1624,.T.);
#1624 = EDGE_LOOP('',(#1625,#1626,#1632,#1633));
#1625 = ORIENTED_EDGE('',*,*,#288,.T.);
#1626 = ORIENTED_EDGE('',*,*,#1627,.T.);
#1627 = EDGE_CURVE('',#289,#914,#1628,.T.);
#1628 = LINE('',#1629,#1630);
#1629 = CARTESIAN_POINT('',(108.41,-103.000001,-4.6E-02));
#1630 = VECTOR('',#1631,1.);
#1631 = DIRECTION('',(0.,0.,1.));
#1632 = ORIENTED_EDGE('',*,*,#913,.F.);
#1633 = ORIENTED_EDGE('',*,*,#1627,.F.);
#1634 = CYLINDRICAL_SURFACE('',#1635,0.1);
#1635 = AXIS2_PLACEMENT_3D('',#1636,#1637,#1638);
#1636 = CARTESIAN_POINT('',(108.41,-102.900001,-4.6E-02));
#1637 = DIRECTION('',(-0.,-0.,-1.));
#1638 = DIRECTION('',(-0.,-1.,0.));
#1639 = ADVANCED_FACE('',(#1640),#1651,.F.);
#1640 = FACE_BOUND('',#1641,.T.);
#1641 = EDGE_LOOP('',(#1642,#1643,#1649,#1650));
#1642 = ORIENTED_EDGE('',*,*,#299,.T.);
#1643 = ORIENTED_EDGE('',*,*,#1644,.T.);
#1644 = EDGE_CURVE('',#300,#925,#1645,.T.);
#1645 = LINE('',#1646,#1647);
#1646 = CARTESIAN_POINT('',(109.11,-102.300001,-4.6E-02));
#1647 = VECTOR('',#1648,1.);
#1648 = DIRECTION('',(0.,0.,1.));
#1649 = ORIENTED_EDGE('',*,*,#924,.F.);
#1650 = ORIENTED_EDGE('',*,*,#1644,.F.);
#1651 = CYLINDRICAL_SURFACE('',#1652,9.999999999999E-02);
#1652 = AXIS2_PLACEMENT_3D('',#1653,#1654,#1655);
#1653 = CARTESIAN_POINT('',(109.11,-102.200001,-4.6E-02));
#1654 = DIRECTION('',(-0.,-0.,-1.));
#1655 = DIRECTION('',(-0.,-1.,0.));
#1656 = ADVANCED_FACE('',(#1657),#1668,.F.);
#1657 = FACE_BOUND('',#1658,.T.);
#1658 = EDGE_LOOP('',(#1659,#1660,#1666,#1667));
#1659 = ORIENTED_EDGE('',*,*,#310,.T.);
#1660 = ORIENTED_EDGE('',*,*,#1661,.T.);
#1661 = EDGE_CURVE('',#311,#936,#1662,.T.);
#1662 = LINE('',#1663,#1664);
#1663 = CARTESIAN_POINT('',(107.009998,-101.600001,-4.6E-02));
#1664 = VECTOR('',#1665,1.);
#1665 = DIRECTION('',(0.,0.,1.));
#1666 = ORIENTED_EDGE('',*,*,#935,.F.);
#1667 = ORIENTED_EDGE('',*,*,#1661,.F.);
#1668 = CYLINDRICAL_SURFACE('',#1669,0.1);
#1669 = AXIS2_PLACEMENT_3D('',#1670,#1671,#1672);
#1670 = CARTESIAN_POINT('',(107.009998,-101.500001,-4.6E-02));
#1671 = DIRECTION('',(-0.,-0.,-1.));
#1672 = DIRECTION('',(-0.,-1.,0.));
#1673 = ADVANCED_FACE('',(#1674),#1685,.F.);
#1674 = FACE_BOUND('',#1675,.T.);
#1675 = EDGE_LOOP('',(#1676,#1677,#1683,#1684));
#1676 = ORIENTED_EDGE('',*,*,#321,.T.);
#1677 = ORIENTED_EDGE('',*,*,#1678,.T.);
#1678 = EDGE_CURVE('',#322,#947,#1679,.T.);
#1679 = LINE('',#1680,#1681);
#1680 = CARTESIAN_POINT('',(107.709998,-100.900001,-4.6E-02));
#1681 = VECTOR('',#1682,1.);
#1682 = DIRECTION('',(0.,0.,1.));
#1683 = ORIENTED_EDGE('',*,*,#946,.F.);
#1684 = ORIENTED_EDGE('',*,*,#1678,.F.);
#1685 = CYLINDRICAL_SURFACE('',#1686,9.999999999999E-02);
#1686 = AXIS2_PLACEMENT_3D('',#1687,#1688,#1689);
#1687 = CARTESIAN_POINT('',(107.709998,-100.800001,-4.6E-02));
#1688 = DIRECTION('',(-0.,-0.,-1.));
#1689 = DIRECTION('',(-0.,-1.,0.));
#1690 = ADVANCED_FACE('',(#1691),#1702,.F.);
#1691 = FACE_BOUND('',#1692,.T.);
#1692 = EDGE_LOOP('',(#1693,#1694,#1700,#1701));
#1693 = ORIENTED_EDGE('',*,*,#332,.T.);
#1694 = ORIENTED_EDGE('',*,*,#1695,.T.);
#1695 = EDGE_CURVE('',#333,#958,#1696,.T.);
#1696 = LINE('',#1697,#1698);
#1697 = CARTESIAN_POINT('',(107.009998,-100.2,-4.6E-02));
#1698 = VECTOR('',#1699,1.);
#1699 = DIRECTION('',(0.,0.,1.));
#1700 = ORIENTED_EDGE('',*,*,#957,.F.);
#1701 = ORIENTED_EDGE('',*,*,#1695,.F.);
#1702 = CYLINDRICAL_SURFACE('',#1703,0.1);
#1703 = AXIS2_PLACEMENT_3D('',#1704,#1705,#1706);
#1704 = CARTESIAN_POINT('',(107.009998,-100.1,-4.6E-02));
#1705 = DIRECTION('',(-0.,-0.,-1.));
#1706 = DIRECTION('',(-0.,-1.,0.));
#1707 = ADVANCED_FACE('',(#1708),#1719,.F.);
#1708 = FACE_BOUND('',#1709,.T.);
#1709 = EDGE_LOOP('',(#1710,#1711,#1717,#1718));
#1710 = ORIENTED_EDGE('',*,*,#343,.T.);
#1711 = ORIENTED_EDGE('',*,*,#1712,.T.);
#1712 = EDGE_CURVE('',#344,#969,#1713,.T.);
#1713 = LINE('',#1714,#1715);
#1714 = CARTESIAN_POINT('',(108.409999,-101.600001,-4.6E-02));
#1715 = VECTOR('',#1716,1.);
#1716 = DIRECTION('',(0.,0.,1.));
#1717 = ORIENTED_EDGE('',*,*,#968,.F.);
#1718 = ORIENTED_EDGE('',*,*,#1712,.F.);
#1719 = CYLINDRICAL_SURFACE('',#1720,9.999999999999E-02);
#1720 = AXIS2_PLACEMENT_3D('',#1721,#1722,#1723);
#1721 = CARTESIAN_POINT('',(108.409999,-101.500001,-4.6E-02));
#1722 = DIRECTION('',(-0.,-0.,-1.));
#1723 = DIRECTION('',(-0.,-1.,0.));
#1724 = ADVANCED_FACE('',(#1725),#1736,.F.);
#1725 = FACE_BOUND('',#1726,.T.);
#1726 = EDGE_LOOP('',(#1727,#1728,#1734,#1735));
#1727 = ORIENTED_EDGE('',*,*,#354,.T.);
#1728 = ORIENTED_EDGE('',*,*,#1729,.T.);
#1729 = EDGE_CURVE('',#355,#980,#1730,.T.);
#1730 = LINE('',#1731,#1732);
#1731 = CARTESIAN_POINT('',(109.109998,-100.900001,-4.6E-02));
#1732 = VECTOR('',#1733,1.);
#1733 = DIRECTION('',(0.,0.,1.));
#1734 = ORIENTED_EDGE('',*,*,#979,.F.);
#1735 = ORIENTED_EDGE('',*,*,#1729,.F.);
#1736 = CYLINDRICAL_SURFACE('',#1737,0.1);
#1737 = AXIS2_PLACEMENT_3D('',#1738,#1739,#1740);
#1738 = CARTESIAN_POINT('',(109.109998,-100.800001,-4.6E-02));
#1739 = DIRECTION('',(-0.,0.,-1.));
#1740 = DIRECTION('',(1.42108547152E-13,-1.,-0.));
#1741 = ADVANCED_FACE('',(#1742),#1753,.F.);
#1742 = FACE_BOUND('',#1743,.T.);
#1743 = EDGE_LOOP('',(#1744,#1745,#1751,#1752));
#1744 = ORIENTED_EDGE('',*,*,#365,.T.);
#1745 = ORIENTED_EDGE('',*,*,#1746,.T.);
#1746 = EDGE_CURVE('',#366,#991,#1747,.T.);
#1747 = LINE('',#1748,#1749);
#1748 = CARTESIAN_POINT('',(108.409998,-100.200001,-4.6E-02));
#1749 = VECTOR('',#1750,1.);
#1750 = DIRECTION('',(0.,0.,1.));
#1751 = ORIENTED_EDGE('',*,*,#990,.F.);
#1752 = ORIENTED_EDGE('',*,*,#1746,.F.);
#1753 = CYLINDRICAL_SURFACE('',#1754,1.E-01);
#1754 = AXIS2_PLACEMENT_3D('',#1755,#1756,#1757);
#1755 = CARTESIAN_POINT('',(108.409998,-100.100001,-4.6E-02));
#1756 = DIRECTION('',(-0.,-0.,-1.));
#1757 = DIRECTION('',(-0.,-1.,0.));
#1758 = ADVANCED_FACE('',(#1759),#1770,.F.);
#1759 = FACE_BOUND('',#1760,.T.);
#1760 = EDGE_LOOP('',(#1761,#1762,#1768,#1769));
#1761 = ORIENTED_EDGE('',*,*,#376,.T.);
#1762 = ORIENTED_EDGE('',*,*,#1763,.T.);
#1763 = EDGE_CURVE('',#377,#1002,#1764,.T.);
#1764 = LINE('',#1765,#1766);
#1765 = CARTESIAN_POINT('',(132.945,-130.875,-4.6E-02));
#1766 = VECTOR('',#1767,1.);
#1767 = DIRECTION('',(0.,0.,1.));
#1768 = ORIENTED_EDGE('',*,*,#1001,.F.);
#1769 = ORIENTED_EDGE('',*,*,#1763,.F.);
#1770 = CYLINDRICAL_SURFACE('',#1771,0.875);
#1771 = AXIS2_PLACEMENT_3D('',#1772,#1773,#1774);
#1772 = CARTESIAN_POINT('',(132.945,-130.,-4.6E-02));
#1773 = DIRECTION('',(-0.,-0.,-1.));
#1774 = DIRECTION('',(-0.,-1.,0.));
#1775 = ADVANCED_FACE('',(#1776),#1787,.F.);
#1776 = FACE_BOUND('',#1777,.T.);
#1777 = EDGE_LOOP('',(#1778,#1779,#1785,#1786));
#1778 = ORIENTED_EDGE('',*,*,#387,.T.);
#1779 = ORIENTED_EDGE('',*,*,#1780,.T.);
#1780 = EDGE_CURVE('',#388,#1013,#1781,.T.);
#1781 = LINE('',#1782,#1783);
#1782 = CARTESIAN_POINT('',(134.215,-128.985,-4.6E-02));
#1783 = VECTOR('',#1784,1.);
#1784 = DIRECTION('',(0.,0.,1.));
#1785 = ORIENTED_EDGE('',*,*,#1012,.F.);
#1786 = ORIENTED_EDGE('',*,*,#1780,.F.);
#1787 = CYLINDRICAL_SURFACE('',#1788,1.525);
#1788 = AXIS2_PLACEMENT_3D('',#1789,#1790,#1791);
#1789 = CARTESIAN_POINT('',(134.215,-127.46,-4.6E-02));
#1790 = DIRECTION('',(-0.,-0.,-1.));
#1791 = DIRECTION('',(-0.,-1.,0.));
#1792 = ADVANCED_FACE('',(#1793),#1804,.F.);
#1793 = FACE_BOUND('',#1794,.T.);
#1794 = EDGE_LOOP('',(#1795,#1796,#1802,#1803));
#1795 = ORIENTED_EDGE('',*,*,#398,.T.);
#1796 = ORIENTED_EDGE('',*,*,#1797,.T.);
#1797 = EDGE_CURVE('',#399,#1024,#1798,.T.);
#1798 = LINE('',#1799,#1800);
#1799 = CARTESIAN_POINT('',(138.025,-132.,-4.6E-02));
#1800 = VECTOR('',#1801,1.);
#1801 = DIRECTION('',(0.,0.,1.));
#1802 = ORIENTED_EDGE('',*,*,#1023,.F.);
#1803 = ORIENTED_EDGE('',*,*,#1797,.F.);
#1804 = CYLINDRICAL_SURFACE('',#1805,2.);
#1805 = AXIS2_PLACEMENT_3D('',#1806,#1807,#1808);
#1806 = CARTESIAN_POINT('',(138.025,-130.,-4.6E-02));
#1807 = DIRECTION('',(-0.,-0.,-1.));
#1808 = DIRECTION('',(-0.,-1.,0.));
#1809 = ADVANCED_FACE('',(#1810),#1821,.F.);
#1810 = FACE_BOUND('',#1811,.T.);
#1811 = EDGE_LOOP('',(#1812,#1813,#1819,#1820));
#1812 = ORIENTED_EDGE('',*,*,#409,.T.);
#1813 = ORIENTED_EDGE('',*,*,#1814,.T.);
#1814 = EDGE_CURVE('',#410,#1035,#1815,.T.);
#1815 = LINE('',#1816,#1817);
#1816 = CARTESIAN_POINT('',(140.565,-126.445,-4.6E-02));
#1817 = VECTOR('',#1818,1.);
#1818 = DIRECTION('',(0.,0.,1.));
#1819 = ORIENTED_EDGE('',*,*,#1034,.F.);
#1820 = ORIENTED_EDGE('',*,*,#1814,.F.);
#1821 = CYLINDRICAL_SURFACE('',#1822,1.525);
#1822 = AXIS2_PLACEMENT_3D('',#1823,#1824,#1825);
#1823 = CARTESIAN_POINT('',(140.565,-124.92,-4.6E-02));
#1824 = DIRECTION('',(-0.,-0.,-1.));
#1825 = DIRECTION('',(-0.,-1.,0.));
#1826 = ADVANCED_FACE('',(#1827),#1838,.F.);
#1827 = FACE_BOUND('',#1828,.T.);
#1828 = EDGE_LOOP('',(#1829,#1830,#1836,#1837));
#1829 = ORIENTED_EDGE('',*,*,#420,.T.);
#1830 = ORIENTED_EDGE('',*,*,#1831,.T.);
#1831 = EDGE_CURVE('',#421,#1046,#1832,.T.);
#1832 = LINE('',#1833,#1834);
#1833 = CARTESIAN_POINT('',(143.105,-130.875,-4.6E-02));
#1834 = VECTOR('',#1835,1.);
#1835 = DIRECTION('',(0.,0.,1.));
#1836 = ORIENTED_EDGE('',*,*,#1045,.F.);
#1837 = ORIENTED_EDGE('',*,*,#1831,.F.);
#1838 = CYLINDRICAL_SURFACE('',#1839,0.875);
#1839 = AXIS2_PLACEMENT_3D('',#1840,#1841,#1842);
#1840 = CARTESIAN_POINT('',(143.105,-130.,-4.6E-02));
#1841 = DIRECTION('',(-0.,-0.,-1.));
#1842 = DIRECTION('',(-0.,-1.,0.));
#1843 = ADVANCED_FACE('',(#1844),#1855,.F.);
#1844 = FACE_BOUND('',#1845,.T.);
#1845 = EDGE_LOOP('',(#1846,#1847,#1853,#1854));
#1846 = ORIENTED_EDGE('',*,*,#431,.T.);
#1847 = ORIENTED_EDGE('',*,*,#1848,.T.);
#1848 = EDGE_CURVE('',#432,#1057,#1849,.T.);
#1849 = LINE('',#1850,#1851);
#1850 = CARTESIAN_POINT('',(104.37,-78.375,-4.6E-02));
#1851 = VECTOR('',#1852,1.);
#1852 = DIRECTION('',(0.,0.,1.));
#1853 = ORIENTED_EDGE('',*,*,#1056,.F.);
#1854 = ORIENTED_EDGE('',*,*,#1848,.F.);
#1855 = CYLINDRICAL_SURFACE('',#1856,0.875);
#1856 = AXIS2_PLACEMENT_3D('',#1857,#1858,#1859);
#1857 = CARTESIAN_POINT('',(104.37,-77.5,-4.6E-02));
#1858 = DIRECTION('',(-0.,-0.,-1.));
#1859 = DIRECTION('',(-0.,-1.,0.));
#1860 = ADVANCED_FACE('',(#1861),#1872,.F.);
#1861 = FACE_BOUND('',#1862,.T.);
#1862 = EDGE_LOOP('',(#1863,#1864,#1870,#1871));
#1863 = ORIENTED_EDGE('',*,*,#442,.T.);
#1864 = ORIENTED_EDGE('',*,*,#1865,.T.);
#1865 = EDGE_CURVE('',#443,#1068,#1866,.T.);
#1866 = LINE('',#1867,#1868);
#1867 = CARTESIAN_POINT('',(109.45,-79.5,-4.6E-02));
#1868 = VECTOR('',#1869,1.);
#1869 = DIRECTION('',(0.,0.,1.));
#1870 = ORIENTED_EDGE('',*,*,#1067,.F.);
#1871 = ORIENTED_EDGE('',*,*,#1865,.F.);
#1872 = CYLINDRICAL_SURFACE('',#1873,2.);
#1873 = AXIS2_PLACEMENT_3D('',#1874,#1875,#1876);
#1874 = CARTESIAN_POINT('',(109.45,-77.5,-4.6E-02));
#1875 = DIRECTION('',(-0.,-0.,-1.));
#1876 = DIRECTION('',(-0.,-1.,0.));
#1877 = ADVANCED_FACE('',(#1878),#1889,.F.);
#1878 = FACE_BOUND('',#1879,.T.);
#1879 = EDGE_LOOP('',(#1880,#1881,#1887,#1888));
#1880 = ORIENTED_EDGE('',*,*,#453,.T.);
#1881 = ORIENTED_EDGE('',*,*,#1882,.T.);
#1882 = EDGE_CURVE('',#454,#1079,#1883,.T.);
#1883 = LINE('',#1884,#1885);
#1884 = CARTESIAN_POINT('',(114.53,-78.375,-4.6E-02));
#1885 = VECTOR('',#1886,1.);
#1886 = DIRECTION('',(0.,0.,1.));
#1887 = ORIENTED_EDGE('',*,*,#1078,.F.);
#1888 = ORIENTED_EDGE('',*,*,#1882,.F.);
#1889 = CYLINDRICAL_SURFACE('',#1890,0.875);
#1890 = AXIS2_PLACEMENT_3D('',#1891,#1892,#1893);
#1891 = CARTESIAN_POINT('',(114.53,-77.5,-4.6E-02));
#1892 = DIRECTION('',(-0.,-0.,-1.));
#1893 = DIRECTION('',(-0.,-1.,0.));
#1894 = ADVANCED_FACE('',(#1895),#1906,.F.);
#1895 = FACE_BOUND('',#1896,.T.);
#1896 = EDGE_LOOP('',(#1897,#1898,#1904,#1905));
#1897 = ORIENTED_EDGE('',*,*,#464,.T.);
#1898 = ORIENTED_EDGE('',*,*,#1899,.T.);
#1899 = EDGE_CURVE('',#465,#1090,#1900,.T.);
#1900 = LINE('',#1901,#1902);
#1901 = CARTESIAN_POINT('',(123.42,-78.375,-4.6E-02));
#1902 = VECTOR('',#1903,1.);
#1903 = DIRECTION('',(0.,0.,1.));
#1904 = ORIENTED_EDGE('',*,*,#1089,.F.);
#1905 = ORIENTED_EDGE('',*,*,#1899,.F.);
#1906 = CYLINDRICAL_SURFACE('',#1907,0.875);
#1907 = AXIS2_PLACEMENT_3D('',#1908,#1909,#1910);
#1908 = CARTESIAN_POINT('',(123.42,-77.5,-4.6E-02));
#1909 = DIRECTION('',(-0.,-0.,-1.));
#1910 = DIRECTION('',(-0.,-1.,0.));
#1911 = ADVANCED_FACE('',(#1912),#1923,.F.);
#1912 = FACE_BOUND('',#1913,.T.);
#1913 = EDGE_LOOP('',(#1914,#1915,#1921,#1922));
#1914 = ORIENTED_EDGE('',*,*,#475,.T.);
#1915 = ORIENTED_EDGE('',*,*,#1916,.T.);
#1916 = EDGE_CURVE('',#476,#1101,#1917,.T.);
#1917 = LINE('',#1918,#1919);
#1918 = CARTESIAN_POINT('',(128.5,-79.5,-4.6E-02));
#1919 = VECTOR('',#1920,1.);
#1920 = DIRECTION('',(0.,0.,1.));
#1921 = ORIENTED_EDGE('',*,*,#1100,.F.);
#1922 = ORIENTED_EDGE('',*,*,#1916,.F.);
#1923 = CYLINDRICAL_SURFACE('',#1924,2.);
#1924 = AXIS2_PLACEMENT_3D('',#1925,#1926,#1927);
#1925 = CARTESIAN_POINT('',(128.5,-77.5,-4.6E-02));
#1926 = DIRECTION('',(-0.,-0.,-1.));
#1927 = DIRECTION('',(-0.,-1.,0.));
#1928 = ADVANCED_FACE('',(#1929),#1940,.F.);
#1929 = FACE_BOUND('',#1930,.T.);
#1930 = EDGE_LOOP('',(#1931,#1932,#1938,#1939));
#1931 = ORIENTED_EDGE('',*,*,#486,.T.);
#1932 = ORIENTED_EDGE('',*,*,#1933,.T.);
#1933 = EDGE_CURVE('',#487,#1112,#1934,.T.);
#1934 = LINE('',#1935,#1936);
#1935 = CARTESIAN_POINT('',(105.64,-76.485,-4.6E-02));
#1936 = VECTOR('',#1937,1.);
#1937 = DIRECTION('',(0.,0.,1.));
#1938 = ORIENTED_EDGE('',*,*,#1111,.F.);
#1939 = ORIENTED_EDGE('',*,*,#1933,.F.);
#1940 = CYLINDRICAL_SURFACE('',#1941,1.525);
#1941 = AXIS2_PLACEMENT_3D('',#1942,#1943,#1944);
#1942 = CARTESIAN_POINT('',(105.64,-74.96,-4.6E-02));
#1943 = DIRECTION('',(-0.,-0.,-1.));
#1944 = DIRECTION('',(-0.,-1.,0.));
#1945 = ADVANCED_FACE('',(#1946),#1957,.F.);
#1946 = FACE_BOUND('',#1947,.T.);
#1947 = EDGE_LOOP('',(#1948,#1949,#1955,#1956));
#1948 = ORIENTED_EDGE('',*,*,#497,.T.);
#1949 = ORIENTED_EDGE('',*,*,#1950,.T.);
#1950 = EDGE_CURVE('',#498,#1123,#1951,.T.);
#1951 = LINE('',#1952,#1953);
#1952 = CARTESIAN_POINT('',(111.99,-73.945,-4.6E-02));
#1953 = VECTOR('',#1954,1.);
#1954 = DIRECTION('',(0.,0.,1.));
#1955 = ORIENTED_EDGE('',*,*,#1122,.F.);
#1956 = ORIENTED_EDGE('',*,*,#1950,.F.);
#1957 = CYLINDRICAL_SURFACE('',#1958,1.525);
#1958 = AXIS2_PLACEMENT_3D('',#1959,#1960,#1961);
#1959 = CARTESIAN_POINT('',(111.99,-72.42,-4.6E-02));
#1960 = DIRECTION('',(-0.,-0.,-1.));
#1961 = DIRECTION('',(-9.31859325587E-15,-1.,0.));
#1962 = ADVANCED_FACE('',(#1963),#1974,.F.);
#1963 = FACE_BOUND('',#1964,.T.);
#1964 = EDGE_LOOP('',(#1965,#1966,#1972,#1973));
#1965 = ORIENTED_EDGE('',*,*,#508,.T.);
#1966 = ORIENTED_EDGE('',*,*,#1967,.T.);
#1967 = EDGE_CURVE('',#509,#1134,#1968,.T.);
#1968 = LINE('',#1969,#1970);
#1969 = CARTESIAN_POINT('',(124.69,-76.485,-4.6E-02));
#1970 = VECTOR('',#1971,1.);
#1971 = DIRECTION('',(0.,0.,1.));
#1972 = ORIENTED_EDGE('',*,*,#1133,.F.);
#1973 = ORIENTED_EDGE('',*,*,#1967,.F.);
#1974 = CYLINDRICAL_SURFACE('',#1975,1.525);
#1975 = AXIS2_PLACEMENT_3D('',#1976,#1977,#1978);
#1976 = CARTESIAN_POINT('',(124.69,-74.96,-4.6E-02));
#1977 = DIRECTION('',(-0.,-0.,-1.));
#1978 = DIRECTION('',(-0.,-1.,0.));
#1979 = ADVANCED_FACE('',(#1980),#1996,.F.);
#1980 = FACE_BOUND('',#1981,.T.);
#1981 = EDGE_LOOP('',(#1982,#1983,#1989,#1990));
#1982 = ORIENTED_EDGE('',*,*,#519,.T.);
#1983 = ORIENTED_EDGE('',*,*,#1984,.T.);
#1984 = EDGE_CURVE('',#522,#1147,#1985,.T.);
#1985 = LINE('',#1986,#1987);
#1986 = CARTESIAN_POINT('',(123.88,-62.979999,-4.6E-02));
#1987 = VECTOR('',#1988,1.);
#1988 = DIRECTION('',(0.,0.,1.));
#1989 = ORIENTED_EDGE('',*,*,#1144,.F.);
#1990 = ORIENTED_EDGE('',*,*,#1991,.F.);
#1991 = EDGE_CURVE('',#520,#1145,#1992,.T.);
#1992 = LINE('',#1993,#1994);
#1993 = CARTESIAN_POINT('',(124.48,-62.979999,-4.6E-02));
#1994 = VECTOR('',#1995,1.);
#1995 = DIRECTION('',(0.,0.,1.));
#1996 = CYLINDRICAL_SURFACE('',#1997,0.3);
#1997 = AXIS2_PLACEMENT_3D('',#1998,#1999,#2000);
#1998 = CARTESIAN_POINT('',(124.18,-62.979999,-4.6E-02));
#1999 = DIRECTION('',(-0.,-0.,-1.));
#2000 = DIRECTION('',(-1.,-4.736951571734E-14,0.));
#2001 = ADVANCED_FACE('',(#2002),#2013,.T.);
#2002 = FACE_BOUND('',#2003,.T.);
#2003 = EDGE_LOOP('',(#2004,#2005,#2006,#2007));
#2004 = ORIENTED_EDGE('',*,*,#547,.T.);
#2005 = ORIENTED_EDGE('',*,*,#1991,.T.);
#2006 = ORIENTED_EDGE('',*,*,#1172,.F.);
#2007 = ORIENTED_EDGE('',*,*,#2008,.F.);
#2008 = EDGE_CURVE('',#539,#1164,#2009,.T.);
#2009 = LINE('',#2010,#2011);
#2010 = CARTESIAN_POINT('',(124.48,-61.879999,-4.6E-02));
#2011 = VECTOR('',#2012,1.);
#2012 = DIRECTION('',(0.,0.,1.));
#2013 = PLANE('',#2014);
#2014 = AXIS2_PLACEMENT_3D('',#2015,#2016,#2017);
#2015 = CARTESIAN_POINT('',(124.48,-62.979999,-4.6E-02));
#2016 = DIRECTION('',(-1.,0.,0.));
#2017 = DIRECTION('',(0.,1.,0.));
#2018 = ADVANCED_FACE('',(#2019),#2030,.F.);
#2019 = FACE_BOUND('',#2020,.T.);
#2020 = EDGE_LOOP('',(#2021,#2022,#2023,#2024));
#2021 = ORIENTED_EDGE('',*,*,#538,.T.);
#2022 = ORIENTED_EDGE('',*,*,#2008,.T.);
#2023 = ORIENTED_EDGE('',*,*,#1163,.F.);
#2024 = ORIENTED_EDGE('',*,*,#2025,.F.);
#2025 = EDGE_CURVE('',#531,#1156,#2026,.T.);
#2026 = LINE('',#2027,#2028);
#2027 = CARTESIAN_POINT('',(123.88,-61.879999,-4.6E-02));
#2028 = VECTOR('',#2029,1.);
#2029 = DIRECTION('',(0.,0.,1.));
#2030 = CYLINDRICAL_SURFACE('',#2031,0.3);
#2031 = AXIS2_PLACEMENT_3D('',#2032,#2033,#2034);
#2032 = CARTESIAN_POINT('',(124.18,-61.879999,-4.6E-02));
#2033 = DIRECTION('',(-0.,-0.,-1.));
#2034 = DIRECTION('',(1.,4.736951571734E-14,-0.));
#2035 = ADVANCED_FACE('',(#2036),#2042,.T.);
#2036 = FACE_BOUND('',#2037,.T.);
#2037 = EDGE_LOOP('',(#2038,#2039,#2040,#2041));
#2038 = ORIENTED_EDGE('',*,*,#530,.T.);
#2039 = ORIENTED_EDGE('',*,*,#2025,.T.);
#2040 = ORIENTED_EDGE('',*,*,#1155,.F.);
#2041 = ORIENTED_EDGE('',*,*,#1984,.F.);
#2042 = PLANE('',#2043);
#2043 = AXIS2_PLACEMENT_3D('',#2044,#2045,#2046);
#2044 = CARTESIAN_POINT('',(123.88,-61.879999,-4.6E-02));
#2045 = DIRECTION('',(1.,0.,-0.));
#2046 = DIRECTION('',(0.,-1.,0.));
#2047 = ADVANCED_FACE('',(#2048),#2064,.F.);
#2048 = FACE_BOUND('',#2049,.T.);
#2049 = EDGE_LOOP('',(#2050,#2051,#2057,#2058));
#2050 = ORIENTED_EDGE('',*,*,#555,.T.);
#2051 = ORIENTED_EDGE('',*,*,#2052,.T.);
#2052 = EDGE_CURVE('',#558,#1183,#2053,.T.);
#2053 = LINE('',#2054,#2055);
#2054 = CARTESIAN_POINT('',(123.88,-58.55,-4.6E-02));
#2055 = VECTOR('',#2056,1.);
#2056 = DIRECTION('',(0.,0.,1.));
#2057 = ORIENTED_EDGE('',*,*,#1180,.F.);
#2058 = ORIENTED_EDGE('',*,*,#2059,.F.);
#2059 = EDGE_CURVE('',#556,#1181,#2060,.T.);
#2060 = LINE('',#2061,#2062);
#2061 = CARTESIAN_POINT('',(124.48,-58.55,-4.6E-02));
#2062 = VECTOR('',#2063,1.);
#2063 = DIRECTION('',(0.,0.,1.));
#2064 = CYLINDRICAL_SURFACE('',#2065,0.3);
#2065 = AXIS2_PLACEMENT_3D('',#2066,#2067,#2068);
#2066 = CARTESIAN_POINT('',(124.18,-58.55,-4.6E-02));
#2067 = DIRECTION('',(-0.,-0.,-1.));
#2068 = DIRECTION('',(-1.,0.,-0.));
#2069 = ADVANCED_FACE('',(#2070),#2081,.T.);
#2070 = FACE_BOUND('',#2071,.T.);
#2071 = EDGE_LOOP('',(#2072,#2073,#2074,#2075));
#2072 = ORIENTED_EDGE('',*,*,#583,.T.);
#2073 = ORIENTED_EDGE('',*,*,#2059,.T.);
#2074 = ORIENTED_EDGE('',*,*,#1208,.F.);
#2075 = ORIENTED_EDGE('',*,*,#2076,.F.);
#2076 = EDGE_CURVE('',#575,#1200,#2077,.T.);
#2077 = LINE('',#2078,#2079);
#2078 = CARTESIAN_POINT('',(124.48,-57.95,-4.6E-02));
#2079 = VECTOR('',#2080,1.);
#2080 = DIRECTION('',(0.,0.,1.));
#2081 = PLANE('',#2082);
#2082 = AXIS2_PLACEMENT_3D('',#2083,#2084,#2085);
#2083 = CARTESIAN_POINT('',(124.48,-58.55,-4.6E-02));
#2084 = DIRECTION('',(-1.,0.,0.));
#2085 = DIRECTION('',(0.,1.,0.));
#2086 = ADVANCED_FACE('',(#2087),#2098,.F.);
#2087 = FACE_BOUND('',#2088,.T.);
#2088 = EDGE_LOOP('',(#2089,#2090,#2091,#2092));
#2089 = ORIENTED_EDGE('',*,*,#574,.T.);
#2090 = ORIENTED_EDGE('',*,*,#2076,.T.);
#2091 = ORIENTED_EDGE('',*,*,#1199,.F.);
#2092 = ORIENTED_EDGE('',*,*,#2093,.F.);
#2093 = EDGE_CURVE('',#567,#1192,#2094,.T.);
#2094 = LINE('',#2095,#2096);
#2095 = CARTESIAN_POINT('',(123.88,-57.95,-4.6E-02));
#2096 = VECTOR('',#2097,1.);
#2097 = DIRECTION('',(0.,0.,1.));
#2098 = CYLINDRICAL_SURFACE('',#2099,0.3);
#2099 = AXIS2_PLACEMENT_3D('',#2100,#2101,#2102);
#2100 = CARTESIAN_POINT('',(124.18,-57.95,-4.6E-02));
#2101 = DIRECTION('',(-0.,-0.,-1.));
#2102 = DIRECTION('',(1.,0.,-0.));
#2103 = ADVANCED_FACE('',(#2104),#2110,.T.);
#2104 = FACE_BOUND('',#2105,.T.);
#2105 = EDGE_LOOP('',(#2106,#2107,#2108,#2109));
#2106 = ORIENTED_EDGE('',*,*,#566,.T.);
#2107 = ORIENTED_EDGE('',*,*,#2093,.T.);
#2108 = ORIENTED_EDGE('',*,*,#1191,.F.);
#2109 = ORIENTED_EDGE('',*,*,#2052,.F.);
#2110 = PLANE('',#2111);
#2111 = AXIS2_PLACEMENT_3D('',#2112,#2113,#2114);
#2112 = CARTESIAN_POINT('',(123.88,-57.95,-4.6E-02));
#2113 = DIRECTION('',(1.,0.,-0.));
#2114 = DIRECTION('',(0.,-1.,0.));
#2115 = ADVANCED_FACE('',(#2116),#2127,.F.);
#2116 = FACE_BOUND('',#2117,.T.);
#2117 = EDGE_LOOP('',(#2118,#2119,#2125,#2126));
#2118 = ORIENTED_EDGE('',*,*,#591,.T.);
#2119 = ORIENTED_EDGE('',*,*,#2120,.T.);
#2120 = EDGE_CURVE('',#592,#1217,#2121,.T.);
#2121 = LINE('',#2122,#2123);
#2122 = CARTESIAN_POINT('',(125.61,-62.224999,-4.6E-02));
#2123 = VECTOR('',#2124,1.);
#2124 = DIRECTION('',(0.,0.,1.));
#2125 = ORIENTED_EDGE('',*,*,#1216,.F.);
#2126 = ORIENTED_EDGE('',*,*,#2120,.F.);
#2127 = CYLINDRICAL_SURFACE('',#2128,0.325);
#2128 = AXIS2_PLACEMENT_3D('',#2129,#2130,#2131);
#2129 = CARTESIAN_POINT('',(125.61,-61.899999,-4.6E-02));
#2130 = DIRECTION('',(-0.,-0.,-1.));
#2131 = DIRECTION('',(-0.,-1.,0.));
#2132 = ADVANCED_FACE('',(#2133),#2144,.F.);
#2133 = FACE_BOUND('',#2134,.T.);
#2134 = EDGE_LOOP('',(#2135,#2136,#2142,#2143));
#2135 = ORIENTED_EDGE('',*,*,#602,.T.);
#2136 = ORIENTED_EDGE('',*,*,#2137,.T.);
#2137 = EDGE_CURVE('',#603,#1228,#2138,.T.);
#2138 = LINE('',#2139,#2140);
#2139 = CARTESIAN_POINT('',(133.58,-78.375,-4.6E-02));
#2140 = VECTOR('',#2141,1.);
#2141 = DIRECTION('',(0.,0.,1.));
#2142 = ORIENTED_EDGE('',*,*,#1227,.F.);
#2143 = ORIENTED_EDGE('',*,*,#2137,.F.);
#2144 = CYLINDRICAL_SURFACE('',#2145,0.875);
#2145 = AXIS2_PLACEMENT_3D('',#2146,#2147,#2148);
#2146 = CARTESIAN_POINT('',(133.58,-77.5,-4.6E-02));
#2147 = DIRECTION('',(-0.,-0.,-1.));
#2148 = DIRECTION('',(-0.,-1.,0.));
#2149 = ADVANCED_FACE('',(#2150),#2161,.F.);
#2150 = FACE_BOUND('',#2151,.T.);
#2151 = EDGE_LOOP('',(#2152,#2153,#2159,#2160));
#2152 = ORIENTED_EDGE('',*,*,#613,.T.);
#2153 = ORIENTED_EDGE('',*,*,#2154,.T.);
#2154 = EDGE_CURVE('',#614,#1239,#2155,.T.);
#2155 = LINE('',#2156,#2157);
#2156 = CARTESIAN_POINT('',(142.47,-78.375,-4.6E-02));
#2157 = VECTOR('',#2158,1.);
#2158 = DIRECTION('',(0.,0.,1.));
#2159 = ORIENTED_EDGE('',*,*,#1238,.F.);
#2160 = ORIENTED_EDGE('',*,*,#2154,.F.);
#2161 = CYLINDRICAL_SURFACE('',#2162,0.875);
#2162 = AXIS2_PLACEMENT_3D('',#2163,#2164,#2165);
#2163 = CARTESIAN_POINT('',(142.47,-77.5,-4.6E-02));
#2164 = DIRECTION('',(-0.,-0.,-1.));
#2165 = DIRECTION('',(-0.,-1.,0.));
#2166 = ADVANCED_FACE('',(#2167),#2178,.F.);
#2167 = FACE_BOUND('',#2168,.T.);
#2168 = EDGE_LOOP('',(#2169,#2170,#2176,#2177));
#2169 = ORIENTED_EDGE('',*,*,#624,.T.);
#2170 = ORIENTED_EDGE('',*,*,#2171,.T.);
#2171 = EDGE_CURVE('',#625,#1250,#2172,.T.);
#2172 = LINE('',#2173,#2174);
#2173 = CARTESIAN_POINT('',(147.55,-79.5,-4.6E-02));
#2174 = VECTOR('',#2175,1.);
#2175 = DIRECTION('',(0.,0.,1.));
#2176 = ORIENTED_EDGE('',*,*,#1249,.F.);
#2177 = ORIENTED_EDGE('',*,*,#2171,.F.);
#2178 = CYLINDRICAL_SURFACE('',#2179,2.);
#2179 = AXIS2_PLACEMENT_3D('',#2180,#2181,#2182);
#2180 = CARTESIAN_POINT('',(147.55,-77.5,-4.6E-02));
#2181 = DIRECTION('',(-0.,-0.,-1.));
#2182 = DIRECTION('',(-0.,-1.,0.));
#2183 = ADVANCED_FACE('',(#2184),#2195,.F.);
#2184 = FACE_BOUND('',#2185,.T.);
#2185 = EDGE_LOOP('',(#2186,#2187,#2193,#2194));
#2186 = ORIENTED_EDGE('',*,*,#635,.T.);
#2187 = ORIENTED_EDGE('',*,*,#2188,.T.);
#2188 = EDGE_CURVE('',#636,#1261,#2189,.T.);
#2189 = LINE('',#2190,#2191);
#2190 = CARTESIAN_POINT('',(152.63,-78.375,-4.6E-02));
#2191 = VECTOR('',#2192,1.);
#2192 = DIRECTION('',(0.,0.,1.));
#2193 = ORIENTED_EDGE('',*,*,#1260,.F.);
#2194 = ORIENTED_EDGE('',*,*,#2188,.F.);
#2195 = CYLINDRICAL_SURFACE('',#2196,0.875);
#2196 = AXIS2_PLACEMENT_3D('',#2197,#2198,#2199);
#2197 = CARTESIAN_POINT('',(152.63,-77.5,-4.6E-02));
#2198 = DIRECTION('',(-0.,-0.,-1.));
#2199 = DIRECTION('',(-0.,-1.,0.));
#2200 = ADVANCED_FACE('',(#2201),#2212,.F.);
#2201 = FACE_BOUND('',#2202,.T.);
#2202 = EDGE_LOOP('',(#2203,#2204,#2210,#2211));
#2203 = ORIENTED_EDGE('',*,*,#646,.T.);
#2204 = ORIENTED_EDGE('',*,*,#2205,.T.);
#2205 = EDGE_CURVE('',#647,#1272,#2206,.T.);
#2206 = LINE('',#2207,#2208);
#2207 = CARTESIAN_POINT('',(131.04,-73.945,-4.6E-02));
#2208 = VECTOR('',#2209,1.);
#2209 = DIRECTION('',(0.,0.,1.));
#2210 = ORIENTED_EDGE('',*,*,#1271,.F.);
#2211 = ORIENTED_EDGE('',*,*,#2205,.F.);
#2212 = CYLINDRICAL_SURFACE('',#2213,1.525);
#2213 = AXIS2_PLACEMENT_3D('',#2214,#2215,#2216);
#2214 = CARTESIAN_POINT('',(131.04,-72.42,-4.6E-02));
#2215 = DIRECTION('',(-0.,-0.,-1.));
#2216 = DIRECTION('',(-0.,-1.,0.));
#2217 = ADVANCED_FACE('',(#2218),#2234,.F.);
#2218 = FACE_BOUND('',#2219,.T.);
#2219 = EDGE_LOOP('',(#2220,#2221,#2227,#2228));
#2220 = ORIENTED_EDGE('',*,*,#657,.T.);
#2221 = ORIENTED_EDGE('',*,*,#2222,.T.);
#2222 = EDGE_CURVE('',#660,#1285,#2223,.T.);
#2223 = LINE('',#2224,#2225);
#2224 = CARTESIAN_POINT('',(132.52,-62.98,-4.6E-02));
#2225 = VECTOR('',#2226,1.);
#2226 = DIRECTION('',(0.,0.,1.));
#2227 = ORIENTED_EDGE('',*,*,#1282,.F.);
#2228 = ORIENTED_EDGE('',*,*,#2229,.F.);
#2229 = EDGE_CURVE('',#658,#1283,#2230,.T.);
#2230 = LINE('',#2231,#2232);
#2231 = CARTESIAN_POINT('',(133.12,-62.98,-4.6E-02));
#2232 = VECTOR('',#2233,1.);
#2233 = DIRECTION('',(0.,0.,1.));
#2234 = CYLINDRICAL_SURFACE('',#2235,0.3);
#2235 = AXIS2_PLACEMENT_3D('',#2236,#2237,#2238);
#2236 = CARTESIAN_POINT('',(132.82,-62.98,-4.6E-02));
#2237 = DIRECTION('',(-0.,-0.,-1.));
#2238 = DIRECTION('',(-1.,4.736951571734E-14,-0.));
#2239 = ADVANCED_FACE('',(#2240),#2251,.T.);
#2240 = FACE_BOUND('',#2241,.T.);
#2241 = EDGE_LOOP('',(#2242,#2243,#2244,#2245));
#2242 = ORIENTED_EDGE('',*,*,#685,.T.);
#2243 = ORIENTED_EDGE('',*,*,#2229,.T.);
#2244 = ORIENTED_EDGE('',*,*,#1310,.F.);
#2245 = ORIENTED_EDGE('',*,*,#2246,.F.);
#2246 = EDGE_CURVE('',#677,#1302,#2247,.T.);
#2247 = LINE('',#2248,#2249);
#2248 = CARTESIAN_POINT('',(133.12,-61.88,-4.6E-02));
#2249 = VECTOR('',#2250,1.);
#2250 = DIRECTION('',(0.,0.,1.));
#2251 = PLANE('',#2252);
#2252 = AXIS2_PLACEMENT_3D('',#2253,#2254,#2255);
#2253 = CARTESIAN_POINT('',(133.12,-62.98,-4.6E-02));
#2254 = DIRECTION('',(-1.,0.,0.));
#2255 = DIRECTION('',(0.,1.,0.));
#2256 = ADVANCED_FACE('',(#2257),#2268,.F.);
#2257 = FACE_BOUND('',#2258,.T.);
#2258 = EDGE_LOOP('',(#2259,#2260,#2261,#2262));
#2259 = ORIENTED_EDGE('',*,*,#676,.T.);
#2260 = ORIENTED_EDGE('',*,*,#2246,.T.);
#2261 = ORIENTED_EDGE('',*,*,#1301,.F.);
#2262 = ORIENTED_EDGE('',*,*,#2263,.F.);
#2263 = EDGE_CURVE('',#669,#1294,#2264,.T.);
#2264 = LINE('',#2265,#2266);
#2265 = CARTESIAN_POINT('',(132.52,-61.88,-4.6E-02));
#2266 = VECTOR('',#2267,1.);
#2267 = DIRECTION('',(0.,0.,1.));
#2268 = CYLINDRICAL_SURFACE('',#2269,0.3);
#2269 = AXIS2_PLACEMENT_3D('',#2270,#2271,#2272);
#2270 = CARTESIAN_POINT('',(132.82,-61.88,-4.6E-02));
#2271 = DIRECTION('',(-0.,-0.,-1.));
#2272 = DIRECTION('',(1.,-4.736951571734E-14,0.));
#2273 = ADVANCED_FACE('',(#2274),#2280,.T.);
#2274 = FACE_BOUND('',#2275,.T.);
#2275 = EDGE_LOOP('',(#2276,#2277,#2278,#2279));
#2276 = ORIENTED_EDGE('',*,*,#668,.T.);
#2277 = ORIENTED_EDGE('',*,*,#2263,.T.);
#2278 = ORIENTED_EDGE('',*,*,#1293,.F.);
#2279 = ORIENTED_EDGE('',*,*,#2222,.F.);
#2280 = PLANE('',#2281);
#2281 = AXIS2_PLACEMENT_3D('',#2282,#2283,#2284);
#2282 = CARTESIAN_POINT('',(132.52,-61.88,-4.6E-02));
#2283 = DIRECTION('',(1.,0.,-0.));
#2284 = DIRECTION('',(0.,-1.,0.));
#2285 = ADVANCED_FACE('',(#2286),#2297,.F.);
#2286 = FACE_BOUND('',#2287,.T.);
#2287 = EDGE_LOOP('',(#2288,#2289,#2295,#2296));
#2288 = ORIENTED_EDGE('',*,*,#693,.T.);
#2289 = ORIENTED_EDGE('',*,*,#2290,.T.);
#2290 = EDGE_CURVE('',#694,#1319,#2291,.T.);
#2291 = LINE('',#2292,#2293);
#2292 = CARTESIAN_POINT('',(131.389999,-62.225,-4.6E-02));
#2293 = VECTOR('',#2294,1.);
#2294 = DIRECTION('',(0.,0.,1.));
#2295 = ORIENTED_EDGE('',*,*,#1318,.F.);
#2296 = ORIENTED_EDGE('',*,*,#2290,.F.);
#2297 = CYLINDRICAL_SURFACE('',#2298,0.325);
#2298 = AXIS2_PLACEMENT_3D('',#2299,#2300,#2301);
#2299 = CARTESIAN_POINT('',(131.389999,-61.9,-4.6E-02));
#2300 = DIRECTION('',(-0.,-0.,-1.));
#2301 = DIRECTION('',(-0.,-1.,0.));
#2302 = ADVANCED_FACE('',(#2303),#2319,.F.);
#2303 = FACE_BOUND('',#2304,.T.);
#2304 = EDGE_LOOP('',(#2305,#2306,#2312,#2313));
#2305 = ORIENTED_EDGE('',*,*,#704,.T.);
#2306 = ORIENTED_EDGE('',*,*,#2307,.T.);
#2307 = EDGE_CURVE('',#707,#1332,#2308,.T.);
#2308 = LINE('',#2309,#2310);
#2309 = CARTESIAN_POINT('',(132.52,-58.550001,-4.6E-02));
#2310 = VECTOR('',#2311,1.);
#2311 = DIRECTION('',(0.,0.,1.));
#2312 = ORIENTED_EDGE('',*,*,#1329,.F.);
#2313 = ORIENTED_EDGE('',*,*,#2314,.F.);
#2314 = EDGE_CURVE('',#705,#1330,#2315,.T.);
#2315 = LINE('',#2316,#2317);
#2316 = CARTESIAN_POINT('',(133.12,-58.550001,-4.6E-02));
#2317 = VECTOR('',#2318,1.);
#2318 = DIRECTION('',(0.,0.,1.));
#2319 = CYLINDRICAL_SURFACE('',#2320,0.3);
#2320 = AXIS2_PLACEMENT_3D('',#2321,#2322,#2323);
#2321 = CARTESIAN_POINT('',(132.82,-58.550001,-4.6E-02));
#2322 = DIRECTION('',(-0.,-0.,-1.));
#2323 = DIRECTION('',(-1.,2.368475785867E-14,-0.));
#2324 = ADVANCED_FACE('',(#2325),#2336,.T.);
#2325 = FACE_BOUND('',#2326,.T.);
#2326 = EDGE_LOOP('',(#2327,#2328,#2329,#2330));
#2327 = ORIENTED_EDGE('',*,*,#732,.T.);
#2328 = ORIENTED_EDGE('',*,*,#2314,.T.);
#2329 = ORIENTED_EDGE('',*,*,#1357,.F.);
#2330 = ORIENTED_EDGE('',*,*,#2331,.F.);
#2331 = EDGE_CURVE('',#724,#1349,#2332,.T.);
#2332 = LINE('',#2333,#2334);
#2333 = CARTESIAN_POINT('',(133.12,-57.950001,-4.6E-02));
#2334 = VECTOR('',#2335,1.);
#2335 = DIRECTION('',(0.,0.,1.));
#2336 = PLANE('',#2337);
#2337 = AXIS2_PLACEMENT_3D('',#2338,#2339,#2340);
#2338 = CARTESIAN_POINT('',(133.12,-58.550001,-4.6E-02));
#2339 = DIRECTION('',(-1.,0.,0.));
#2340 = DIRECTION('',(0.,1.,0.));
#2341 = ADVANCED_FACE('',(#2342),#2353,.F.);
#2342 = FACE_BOUND('',#2343,.T.);
#2343 = EDGE_LOOP('',(#2344,#2345,#2346,#2347));
#2344 = ORIENTED_EDGE('',*,*,#723,.T.);
#2345 = ORIENTED_EDGE('',*,*,#2331,.T.);
#2346 = ORIENTED_EDGE('',*,*,#1348,.F.);
#2347 = ORIENTED_EDGE('',*,*,#2348,.F.);
#2348 = EDGE_CURVE('',#716,#1341,#2349,.T.);
#2349 = LINE('',#2350,#2351);
#2350 = CARTESIAN_POINT('',(132.52,-57.950001,-4.6E-02));
#2351 = VECTOR('',#2352,1.);
#2352 = DIRECTION('',(0.,0.,1.));
#2353 = CYLINDRICAL_SURFACE('',#2354,0.3);
#2354 = AXIS2_PLACEMENT_3D('',#2355,#2356,#2357);
#2355 = CARTESIAN_POINT('',(132.82,-57.950001,-4.6E-02));
#2356 = DIRECTION('',(-0.,-0.,-1.));
#2357 = DIRECTION('',(1.,-2.368475785867E-14,0.));
#2358 = ADVANCED_FACE('',(#2359),#2365,.T.);
#2359 = FACE_BOUND('',#2360,.T.);
#2360 = EDGE_LOOP('',(#2361,#2362,#2363,#2364));
#2361 = ORIENTED_EDGE('',*,*,#715,.T.);
#2362 = ORIENTED_EDGE('',*,*,#2348,.T.);
#2363 = ORIENTED_EDGE('',*,*,#1340,.F.);
#2364 = ORIENTED_EDGE('',*,*,#2307,.F.);
#2365 = PLANE('',#2366);
#2366 = AXIS2_PLACEMENT_3D('',#2367,#2368,#2369);
#2367 = CARTESIAN_POINT('',(132.52,-57.950001,-4.6E-02));
#2368 = DIRECTION('',(1.,0.,-0.));
#2369 = DIRECTION('',(0.,-1.,0.));
#2370 = ADVANCED_FACE('',(#2371),#2382,.F.);
#2371 = FACE_BOUND('',#2372,.T.);
#2372 = EDGE_LOOP('',(#2373,#2374,#2380,#2381));
#2373 = ORIENTED_EDGE('',*,*,#740,.T.);
#2374 = ORIENTED_EDGE('',*,*,#2375,.T.);
#2375 = EDGE_CURVE('',#741,#1366,#2376,.T.);
#2376 = LINE('',#2377,#2378);
#2377 = CARTESIAN_POINT('',(143.74,-76.485,-4.6E-02));
#2378 = VECTOR('',#2379,1.);
#2379 = DIRECTION('',(0.,0.,1.));
#2380 = ORIENTED_EDGE('',*,*,#1365,.F.);
#2381 = ORIENTED_EDGE('',*,*,#2375,.F.);
#2382 = CYLINDRICAL_SURFACE('',#2383,1.525);
#2383 = AXIS2_PLACEMENT_3D('',#2384,#2385,#2386);
#2384 = CARTESIAN_POINT('',(143.74,-74.96,-4.6E-02));
#2385 = DIRECTION('',(-0.,-0.,-1.));
#2386 = DIRECTION('',(-0.,-1.,0.));
#2387 = ADVANCED_FACE('',(#2388),#2399,.F.);
#2388 = FACE_BOUND('',#2389,.T.);
#2389 = EDGE_LOOP('',(#2390,#2391,#2397,#2398));
#2390 = ORIENTED_EDGE('',*,*,#751,.T.);
#2391 = ORIENTED_EDGE('',*,*,#2392,.T.);
#2392 = EDGE_CURVE('',#752,#1377,#2393,.T.);
#2393 = LINE('',#2394,#2395);
#2394 = CARTESIAN_POINT('',(150.09,-73.945,-4.6E-02));
#2395 = VECTOR('',#2396,1.);
#2396 = DIRECTION('',(0.,0.,1.));
#2397 = ORIENTED_EDGE('',*,*,#1376,.F.);
#2398 = ORIENTED_EDGE('',*,*,#2392,.F.);
#2399 = CYLINDRICAL_SURFACE('',#2400,1.525);
#2400 = AXIS2_PLACEMENT_3D('',#2401,#2402,#2403);
#2401 = CARTESIAN_POINT('',(150.09,-72.42,-4.6E-02));
#2402 = DIRECTION('',(-0.,-0.,-1.));
#2403 = DIRECTION('',(-0.,-1.,0.));
#2404 = ( GEOMETRIC_REPRESENTATION_CONTEXT(3) 
GLOBAL_UNCERTAINTY_ASSIGNED_CONTEXT((#2408)) 
GLOBAL_UNIT_ASSIGNED_CONTEXT((#2405,#2406,#2407)) REPRESENTATION_CONTEXT
('Context #1','3D Context with UNIT and UNCERTAINTY') );
#2405 = ( LENGTH_UNIT() NAMED_UNIT(*) SI_UNIT(.MILLI.,.METRE.) );
#2406 = ( NAMED_UNIT(*) PLANE_ANGLE_UNIT() SI_UNIT($,.RADIAN.) );
#2407 = ( NAMED_UNIT(*) SI_UNIT($,.STERADIAN.) SOLID_ANGLE_UNIT() );
#2408 = UNCERTAINTY_MEASURE_WITH_UNIT(LENGTH_MEASURE(1.E-07),#2405,
  'distance_accuracy_value','confusion accuracy');
#2409 = CONTEXT_DEPENDENT_SHAPE_REPRESENTATION(#2410,#2412);
#2410 = ( REPRESENTATION_RELATIONSHIP('','',#32,#10) 
REPRESENTATION_RELATIONSHIP_WITH_TRANSFORMATION(#2411) 
SHAPE_REPRESENTATION_RELATIONSHIP() );
#2411 = ITEM_DEFINED_TRANSFORMATION('','',#11,#15);
#2412 = PRODUCT_DEFINITION_SHAPE('Placement','Placement of an item',
  #2413);
#2413 = NEXT_ASSEMBLY_USAGE_OCCURRENCE('1','=>[0:1:1:2]','',#5,#27,$);
#2414 = PRODUCT_RELATED_PRODUCT_CATEGORY('part',$,(#29));
#2415 = MECHANICAL_DESIGN_GEOMETRIC_PRESENTATION_REPRESENTATION('',(
    #2416),#2404);
#2416 = STYLED_ITEM('color',(#2417),#33);
#2417 = PRESENTATION_STYLE_ASSIGNMENT((#2418));
#2418 = SURFACE_STYLE_USAGE(.BOTH.,#2419);
#2419 = SURFACE_SIDE_STYLE('',(#2420));
#2420 = SURFACE_STYLE_FILL_AREA(#2421);
#2421 = FILL_AREA_STYLE('',(#2422));
#2422 = FILL_AREA_STYLE_COLOUR('',#2423);
#2423 = COLOUR_RGB('',0.313304153717,0.484529207832,0.410020903123);
ENDSEC;
END-ISO-10303-21;
